id_caso,sexo_victima,edad_victima,edad_agresor,nacionalidad_victima,nacionalidad_agresor,nivel_educativo_victima,situacion_laboral_victima,dependencia_economica,tipo_relacion,convivencia,presencia_menores_hogar,tiempo_relacion_meses,separacion_reciente,denuncias_previas_n,denuncias_previas_cat,episodios_violencia_previos_n,episodios_violencia_previos_cat,lesiones_previas,control_coercitivo,celos_posesividad,consumo_sustancias_agresor,antecedentes_penales_agresor,quebranto_medidas,amenazas_muerte,acceso_armas,nivel_riesgo,frecuencia_contacto_agresor_semana
1,mujer,26,29,espanola,espanola,secundaria,empleo,alta,expareja,no,no,78,no,1,1,3,3-5,grave,bajo,alto,problematico,0,0,0,0,no_apreciado,1.5
2,mujer,45,53,espanola,extranjera,secundaria,empleo,media,pareja_actual,no,no,18,no,1,1,3,3-5,ninguna,alto,medio,no,1,0,0,0,bajo,8.5
3,mujer,24,22,espanola,espanola,primaria,empleo,alta,expareja,no,no,39,si,0,0,1,1-2,ninguna,medio,medio,ocasional,0,0,0,1,medio,4.7
4,mujer,33,24,espanola,espanola,secundaria,empleo,media,expareja,no,si,35,no,2,2-3,3,3-5,leve,medio,bajo,ocasional,0,0,0,0,medio,0.5
5,mujer,30,21,espanola,extranjera,universidad,empleo,media,pareja_actual,no,si,99,no,1,1,1,1-2,ninguna,medio,bajo,no,1,0,0,0,bajo,3.4
6,mujer,38,32,espanola,espanola,secundaria,inactividad,media,relacion_ocasional,no,no,4,no,0,0,1,1-2,leve,medio,bajo,no,1,0,0,0,bajo,4.7
7,mujer,30,24,extranjera,espanola,secundaria,empleo,alta,expareja,no,si,83,si,2,2-3,2,1-2,leve,bajo,medio,no,0,0,0,0,medio,2.2
8,mujer,33,34,espanola,espanola,fp,empleo,media,expareja,no,si,61,no,1,1,2,1-2,leve,medio,alto,problematico,0,0,1,0,medio,0.0
9,mujer,34,29,espanola,espanola,primaria,empleo,baja,pareja_actual,si,no,93,si,0,0,0,0,ninguna,bajo,alto,no,1,0,0,0,medio,2.7
10,mujer,29,27,espanola,extranjera,secundaria,empleo,media,pareja_actual,no,si,77,si,2,2-3,4,3-5,leve,medio,bajo,no,0,0,0,0,medio,4.2
11,mujer,41,38,espanola,espanola,secundaria,empleo,media,pareja_actual,si,no,239,si,1,1,3,3-5,ninguna,medio,bajo,ocasional,0,0,0,0,bajo,1.1
12,mujer,38,37,espanola,espanola,universidad,desempleo,baja,relacion_ocasional,no,no,7,no,0,0,0,0,grave,medio,bajo,ocasional,1,0,0,0,bajo,0.0
13,mujer,35,45,espanola,espanola,fp,inactividad,baja,expareja,no,si,41,si,3,2-3,5,3-5,leve,medio,alto,no,0,0,0,1,medio,4.2
14,mujer,32,38,extranjera,extranjera,secundaria,empleo,baja,expareja,no,no,56,no,1,1,1,1-2,leve,bajo,bajo,ocasional,0,1,0,0,medio,2.5
15,mujer,44,46,espanola,extranjera,primaria,desempleo,alta,pareja_actual,no,si,76,no,0,0,0,0,moderada,medio,bajo,no,0,0,0,0,bajo,1.5
16,mujer,34,33,espanola,espanola,primaria,empleo,baja,pareja_actual,si,no,163,no,0,0,0,0,leve,bajo,medio,ocasional,0,0,0,0,no_apreciado,3.9
17,mujer,33,32,espanola,espanola,fp,empleo,alta,pareja_actual,si,no,86,no,2,2-3,6,6-10,leve,alto,medio,no,0,1,0,0,alto,1.8
18,mujer,37,41,extranjera,extranjera,secundaria,inactividad,baja,pareja_actual,si,si,29,no,0,0,1,1-2,ninguna,medio,bajo,no,0,1,0,0,no_apreciado,6.1
19,mujer,53,59,espanola,espanola,universidad,empleo,media,expareja,no,si,300,si,1,1,2,1-2,leve,alto,medio,ocasional,0,0,0,0,bajo,1.2
20,mujer,23,20,espanola,espanola,fp,inactividad,baja,expareja,no,si,110,no,2,2-3,3,3-5,ninguna,medio,bajo,no,1,0,0,0,alto,1.8
21,mujer,44,46,extranjera,espanola,secundaria,empleo,alta,expareja,no,si,28,si,0,0,0,0,ninguna,alto,bajo,no,0,1,0,0,bajo,3.8
22,mujer,17,16,espanola,espanola,fp,empleo,media,pareja_actual,si,si,22,si,1,1,2,1-2,moderada,bajo,bajo,no,0,0,1,0,medio,4.4
23,mujer,38,41,extranjera,extranjera,universidad,empleo,baja,relacion_ocasional,no,no,2,no,1,1,2,1-2,ninguna,bajo,bajo,ocasional,0,0,0,0,bajo,1.4
24,mujer,52,59,espanola,extranjera,secundaria,empleo,baja,expareja,no,si,54,si,0,0,1,1-2,leve,bajo,alto,problematico,0,0,0,0,no_apreciado,0.0
25,mujer,41,41,espanola,espanola,fp,estudios,baja,expareja,no,no,55,si,1,1,3,3-5,ninguna,bajo,medio,ocasional,1,0,1,0,medio,3.8
26,mujer,38,51,espanola,espanola,universidad,empleo,baja,pareja_actual,no,si,33,no,0,0,0,0,ninguna,alto,medio,problematico,0,0,0,0,no_apreciado,3.2
27,hombre,30,27,extranjera,espanola,secundaria,inactividad,media,pareja_actual,si,no,16,no,1,1,2,1-2,moderada,medio,bajo,problematico,0,0,0,0,medio,3.9
28,no_binario,36,39,espanola,espanola,universidad,inactividad,alta,pareja_actual,si,si,22,no,0,0,2,1-2,ninguna,medio,medio,no,1,0,0,0,bajo,2.7
29,mujer,33,35,espanola,espanola,primaria,empleo,media,pareja_actual,no,si,88,no,0,0,1,1-2,leve,medio,alto,no,0,0,1,0,no_apreciado,3.0
30,mujer,28,29,espanola,espanola,fp,empleo,media,expareja,no,no,45,si,5,4+,6,6-10,leve,medio,bajo,problematico,0,0,1,0,extremo,4.1
31,mujer,33,34,espanola,espanola,fp,empleo,baja,expareja,no,si,25,no,1,1,1,1-2,moderada,medio,alto,problematico,1,1,0,0,medio,3.2
32,mujer,38,41,espanola,espanola,secundaria,empleo,alta,relacion_ocasional,no,no,3,no,2,2-3,3,3-5,ninguna,alto,medio,problematico,0,0,0,0,medio,6.6
33,mujer,28,35,espanola,espanola,secundaria,inactividad,alta,pareja_actual,no,si,69,si,0,0,2,1-2,moderada,medio,medio,ocasional,0,1,0,0,medio,4.6
34,mujer,28,38,extranjera,espanola,secundaria,empleo,baja,pareja_actual,no,no,74,no,0,0,1,1-2,leve,medio,bajo,no,1,1,0,0,bajo,2.8
35,mujer,22,24,espanola,espanola,primaria,estudios,alta,pareja_actual,no,no,59,no,1,1,1,1-2,ninguna,bajo,medio,problematico,1,0,0,0,bajo,4.6
36,mujer,40,47,espanola,espanola,secundaria,desempleo,baja,pareja_actual,si,no,52,no,1,1,3,3-5,ninguna,alto,medio,problematico,0,0,0,0,no_apreciado,5.1
37,mujer,41,39,espanola,extranjera,secundaria,empleo,alta,pareja_actual,no,si,124,no,0,0,0,0,ninguna,bajo,alto,ocasional,1,0,0,0,bajo,3.1
38,mujer,38,45,espanola,extranjera,secundaria,desempleo,alta,pareja_actual,no,si,23,no,1,1,2,1-2,leve,medio,alto,problematico,0,1,0,0,medio,5.9
39,mujer,46,43,espanola,extranjera,secundaria,empleo,media,pareja_actual,si,si,47,no,1,1,4,3-5,ninguna,alto,bajo,ocasional,0,0,0,1,medio,3.0
40,mujer,37,46,espanola,espanola,secundaria,inactividad,baja,expareja,no,si,9,no,2,2-3,3,3-5,ninguna,bajo,alto,problematico,1,0,0,1,alto,3.1
41,hombre,40,55,espanola,extranjera,universidad,empleo,media,pareja_actual,no,si,43,no,0,0,4,3-5,leve,bajo,alto,no,0,0,1,0,medio,5.6
42,mujer,39,40,espanola,espanola,secundaria,estudios,baja,expareja,no,no,64,si,3,2-3,4,3-5,leve,medio,medio,problematico,1,0,0,0,alto,3.7
43,mujer,35,24,espanola,espanola,secundaria,inactividad,media,expareja,no,no,98,si,0,0,2,1-2,ninguna,medio,bajo,no,0,0,0,0,no_apreciado,2.2
44,no_binario,31,30,espanola,espanola,secundaria,inactividad,baja,pareja_actual,no,no,9,si,1,1,2,1-2,ninguna,alto,bajo,no,0,0,1,0,medio,0.0
45,mujer,58,67,espanola,espanola,primaria,empleo,media,expareja,no,si,62,no,1,1,2,1-2,ninguna,alto,bajo,no,0,0,0,0,medio,0.0
46,mujer,31,36,espanola,espanola,fp,inactividad,alta,expareja,no,si,179,si,1,1,3,3-5,leve,medio,bajo,no,1,0,0,0,medio,7.6
47,mujer,29,32,espanola,espanola,secundaria,empleo,baja,pareja_actual,si,no,78,no,1,1,1,1-2,moderada,alto,alto,no,0,0,1,0,bajo,5.7
48,mujer,40,48,espanola,extranjera,primaria,desempleo,baja,pareja_actual,si,si,19,no,0,0,1,1-2,leve,medio,bajo,problematico,0,0,0,0,no_apreciado,3.7
49,mujer,39,44,extranjera,espanola,universidad,empleo,media,expareja,no,si,43,si,2,2-3,3,3-5,leve,alto,medio,ocasional,0,1,0,0,medio,3.8
50,mujer,22,31,espanola,espanola,universidad,empleo,baja,pareja_actual,si,no,80,no,0,0,0,0,ninguna,bajo,medio,problematico,0,0,1,0,bajo,2.9
51,mujer,47,55,espanola,espanola,fp,empleo,baja,pareja_actual,si,no,34,no,0,0,1,1-2,grave,medio,medio,no,0,0,0,0,no_apreciado,4.3
52,mujer,35,46,espanola,espanola,universidad,empleo,baja,pareja_actual,no,no,67,no,0,0,4,3-5,ninguna,bajo,bajo,no,0,1,0,0,bajo,0.9
53,mujer,25,29,espanola,espanola,universidad,empleo,baja,expareja,no,si,65,no,2,2-3,4,3-5,ninguna,bajo,medio,ocasional,0,0,1,0,alto,0.0
54,mujer,48,55,espanola,espanola,secundaria,inactividad,media,expareja,no,no,53,si,3,2-3,4,3-5,ninguna,medio,medio,ocasional,0,0,0,0,medio,0.0
55,mujer,42,42,espanola,espanola,secundaria,empleo,media,expareja,no,si,18,no,1,1,1,1-2,ninguna,bajo,medio,no,0,1,0,1,medio,0.0
56,mujer,23,21,espanola,extranjera,secundaria,desempleo,baja,expareja,no,si,31,no,0,0,2,1-2,moderada,medio,bajo,ocasional,0,0,0,0,no_apreciado,5.2
57,mujer,54,66,extranjera,extranjera,secundaria,empleo,baja,pareja_actual,si,no,190,no,0,0,1,1-2,ninguna,medio,medio,ocasional,1,0,0,0,medio,2.8
58,mujer,43,46,espanola,espanola,secundaria,desempleo,baja,pareja_actual,no,si,41,si,0,0,2,1-2,ninguna,bajo,bajo,ocasional,1,0,0,0,no_apreciado,4.2
59,mujer,36,43,espanola,espanola,primaria,inactividad,baja,pareja_actual,no,no,44,no,0,0,2,1-2,ninguna,medio,medio,problematico,0,0,0,0,no_apreciado,5.1
60,mujer,52,55,espanola,extranjera,fp,empleo,media,pareja_actual,no,si,44,no,1,1,1,1-2,grave,medio,medio,ocasional,0,0,1,0,bajo,3.0
61,mujer,38,36,extranjera,extranjera,fp,desempleo,baja,expareja,no,si,96,si,1,1,1,1-2,moderada,alto,bajo,ocasional,0,0,0,0,no_apreciado,2.3
62,mujer,36,38,espanola,espanola,fp,inactividad,media,pareja_actual,no,no,46,no,1,1,5,3-5,moderada,bajo,alto,no,1,0,0,0,bajo,3.3
63,mujer,29,40,espanola,extranjera,secundaria,inactividad,alta,pareja_actual,no,si,54,no,2,2-3,2,1-2,moderada,alto,bajo,no,0,0,0,0,medio,2.1
64,mujer,42,47,espanola,extranjera,secundaria,empleo,media,expareja,no,no,62,si,1,1,3,3-5,moderada,alto,alto,no,0,0,1,0,bajo,5.6
65,mujer,41,33,espanola,extranjera,secundaria,empleo,media,expareja,no,si,104,no,1,1,1,1-2,leve,medio,alto,ocasional,1,0,0,0,bajo,7.1
66,mujer,36,37,extranjera,espanola,secundaria,desempleo,baja,pareja_actual,no,no,54,no,0,0,3,3-5,ninguna,medio,bajo,ocasional,0,0,0,0,no_apreciado,6.2
67,mujer,28,41,espanola,espanola,universidad,empleo,baja,pareja_actual,no,si,59,no,0,0,1,1-2,ninguna,medio,bajo,no,0,0,0,0,no_apreciado,0.0
68,mujer,37,38,espanola,espanola,universidad,inactividad,baja,pareja_actual,si,si,35,no,1,1,1,1-2,ninguna,alto,bajo,ocasional,0,0,0,0,no_apreciado,4.0
69,mujer,35,26,espanola,espanola,universidad,empleo,media,pareja_actual,si,no,69,no,1,1,6,6-10,leve,bajo,alto,no,0,1,1,0,extremo,5.0
70,mujer,23,36,espanola,espanola,universidad,inactividad,alta,pareja_actual,no,si,83,no,0,0,2,1-2,ninguna,alto,medio,no,0,0,1,0,bajo,4.0
71,mujer,21,27,extranjera,espanola,universidad,empleo,baja,pareja_actual,si,si,87,no,0,0,1,1-2,ninguna,alto,bajo,problematico,1,0,0,0,bajo,1.2
72,mujer,42,44,espanola,espanola,secundaria,empleo,baja,pareja_actual,si,no,172,no,2,2-3,2,1-2,leve,medio,medio,no,0,0,0,0,medio,1.2
73,mujer,16,16,espanola,espanola,primaria,estudios,baja,expareja,no,no,29,si,2,2-3,3,3-5,ninguna,medio,bajo,no,0,0,0,0,medio,5.9
74,mujer,38,46,extranjera,extranjera,primaria,inactividad,media,pareja_actual,si,no,56,no,1,1,1,1-2,ninguna,medio,medio,no,1,1,0,0,alto,3.8
75,mujer,31,30,extranjera,espanola,secundaria,inactividad,media,pareja_actual,si,no,46,no,0,0,2,1-2,ninguna,medio,medio,no,1,0,0,0,medio,1.7
76,mujer,49,58,espanola,espanola,secundaria,estudios,media,pareja_actual,si,no,152,no,1,1,2,1-2,leve,alto,bajo,ocasional,0,0,0,0,no_apreciado,2.6
77,mujer,31,36,espanola,extranjera,primaria,empleo,alta,pareja_actual,si,no,89,no,2,2-3,2,1-2,ninguna,bajo,alto,problematico,0,0,0,0,medio,5.9
78,mujer,43,46,espanola,extranjera,universidad,empleo,baja,expareja,no,no,13,si,2,2-3,2,1-2,ninguna,bajo,bajo,ocasional,0,0,1,0,alto,1.2
79,mujer,32,35,espanola,extranjera,primaria,empleo,media,pareja_actual,no,si,33,no,1,1,1,1-2,ninguna,bajo,medio,ocasional,0,0,0,0,bajo,3.5
80,mujer,37,38,espanola,extranjera,universidad,empleo,media,expareja,no,si,42,si,1,1,1,1-2,leve,alto,medio,no,0,1,0,0,medio,0.8
81,mujer,43,51,espanola,extranjera,fp,empleo,baja,expareja,no,no,15,si,2,2-3,2,1-2,ninguna,medio,alto,ocasional,0,0,0,0,medio,0.0
82,mujer,31,28,extranjera,espanola,fp,estudios,alta,pareja_actual,no,no,59,no,1,1,2,1-2,ninguna,alto,medio,no,1,0,0,0,medio,6.1
83,mujer,46,38,extranjera,espanola,fp,empleo,baja,expareja,no,no,37,no,0,0,1,1-2,moderada,medio,alto,no,0,0,0,0,bajo,3.9
84,mujer,26,32,extranjera,espanola,secundaria,empleo,media,pareja_actual,no,si,177,no,1,1,3,3-5,moderada,bajo,bajo,problematico,0,0,0,1,medio,2.3
85,mujer,39,45,extranjera,espanola,fp,empleo,media,pareja_actual,si,si,68,no,0,0,2,1-2,ninguna,alto,alto,no,0,0,0,0,no_apreciado,3.9
86,mujer,45,50,espanola,extranjera,primaria,empleo,alta,pareja_actual,si,no,41,no,0,0,0,0,ninguna,medio,bajo,no,1,0,0,0,bajo,8.2
87,mujer,43,47,espanola,espanola,universidad,empleo,media,expareja,no,no,25,si,0,0,2,1-2,ninguna,medio,medio,no,0,0,1,0,no_apreciado,4.3
88,mujer,55,55,espanola,espanola,secundaria,desempleo,baja,pareja_actual,no,si,52,no,2,2-3,2,1-2,leve,bajo,bajo,ocasional,0,0,1,0,medio,5.5
89,mujer,28,35,espanola,espanola,secundaria,empleo,alta,pareja_actual,si,no,144,si,0,0,0,0,ninguna,bajo,alto,no,0,1,0,1,medio,3.7
90,mujer,22,24,espanola,espanola,fp,desempleo,media,pareja_actual,no,no,47,no,1,1,2,1-2,moderada,bajo,alto,no,0,0,0,0,no_apreciado,3.1
91,mujer,26,25,espanola,espanola,fp,inactividad,media,pareja_actual,si,no,53,si,1,1,1,1-2,moderada,medio,medio,ocasional,0,1,0,0,medio,5.9
92,mujer,43,43,espanola,espanola,secundaria,desempleo,media,expareja,no,si,113,no,0,0,2,1-2,leve,medio,medio,no,1,0,0,1,bajo,1.8
93,mujer,41,55,espanola,extranjera,fp,desempleo,baja,pareja_actual,si,no,67,no,2,2-3,2,1-2,ninguna,bajo,medio,problematico,0,0,1,0,medio,4.8
94,mujer,37,29,espanola,espanola,primaria,empleo,media,pareja_actual,si,no,95,no,1,1,2,1-2,moderada,bajo,bajo,no,0,0,1,0,bajo,3.7
95,mujer,25,30,espanola,extranjera,fp,empleo,alta,pareja_actual,si,no,72,no,0,0,2,1-2,leve,bajo,medio,ocasional,0,0,0,0,bajo,5.9
96,mujer,44,36,espanola,espanola,secundaria,empleo,baja,expareja,no,si,69,si,2,2-3,3,3-5,moderada,medio,medio,problematico,0,0,0,0,bajo,0.1
97,mujer,24,25,espanola,espanola,secundaria,estudios,media,pareja_actual,si,no,12,si,2,2-3,3,3-5,ninguna,alto,medio,no,0,0,0,0,medio,6.3
98,mujer,48,47,extranjera,espanola,primaria,desempleo,alta,pareja_actual,si,no,22,no,1,1,2,1-2,leve,medio,bajo,ocasional,0,0,0,0,bajo,5.7
99,hombre,65,54,extranjera,extranjera,secundaria,empleo,media,pareja_actual,no,si,62,si,2,2-3,3,3-5,moderada,bajo,alto,no,0,1,1,0,extremo,2.6
100,mujer,40,44,espanola,espanola,secundaria,empleo,alta,relacion_ocasional,no,si,8,no,0,0,1,1-2,grave,medio,bajo,ocasional,0,0,0,0,no_apreciado,4.0
101,mujer,42,42,espanola,extranjera,secundaria,inactividad,baja,expareja,no,no,52,si,0,0,1,1-2,leve,alto,medio,problematico,1,0,0,0,bajo,2.2
102,mujer,31,20,espanola,espanola,primaria,desempleo,alta,expareja,no,no,20,si,2,2-3,6,6-10,leve,alto,bajo,ocasional,0,0,0,0,bajo,1.5
103,mujer,18,25,extranjera,espanola,primaria,desempleo,baja,pareja_actual,no,si,114,no,0,0,1,1-2,ninguna,alto,bajo,problematico,1,0,0,0,bajo,4.2
104,mujer,30,41,extranjera,extranjera,secundaria,inactividad,media,relacion_ocasional,no,si,4,no,1,1,2,1-2,leve,alto,bajo,ocasional,0,0,0,0,bajo,4.3
105,hombre,25,36,espanola,espanola,primaria,desempleo,media,expareja,no,si,24,si,0,0,0,0,moderada,medio,bajo,ocasional,0,1,1,0,medio,1.9
106,mujer,22,26,espanola,espanola,fp,desempleo,media,expareja,no,no,16,si,4,4+,5,3-5,leve,alto,medio,no,0,0,0,0,bajo,1.7
107,mujer,53,55,espanola,extranjera,universidad,empleo,alta,pareja_actual,si,no,86,no,1,1,2,1-2,ninguna,bajo,medio,ocasional,0,1,0,0,medio,4.6
108,mujer,39,49,espanola,espanola,secundaria,empleo,media,pareja_actual,si,si,52,no,0,0,3,3-5,ninguna,alto,medio,problematico,1,0,0,0,bajo,3.8
109,mujer,40,52,extranjera,espanola,universidad,estudios,media,pareja_actual,si,si,111,no,3,2-3,3,3-5,leve,alto,medio,ocasional,0,0,0,0,bajo,8.4
110,mujer,33,42,espanola,espanola,primaria,desempleo,baja,expareja,no,si,36,si,4,4+,4,3-5,moderada,alto,bajo,no,0,0,0,0,medio,3.7
111,mujer,34,30,espanola,espanola,primaria,empleo,media,pareja_actual,si,no,21,no,1,1,1,1-2,ninguna,medio,bajo,no,1,0,0,0,alto,5.0
112,mujer,46,49,espanola,extranjera,fp,desempleo,media,pareja_actual,no,no,51,no,2,2-3,3,3-5,ninguna,alto,medio,ocasional,0,1,0,0,alto,0.9
113,hombre,36,41,espanola,extranjera,fp,empleo,baja,pareja_actual,si,no,126,no,0,0,0,0,moderada,bajo,medio,problematico,0,0,0,0,bajo,6.6
114,hombre,41,32,extranjera,espanola,universidad,inactividad,media,pareja_actual,si,si,12,no,0,0,0,0,leve,medio,medio,no,0,0,0,0,no_apreciado,3.7
115,mujer,34,39,extranjera,extranjera,primaria,empleo,alta,pareja_actual,no,si,66,si,3,2-3,4,3-5,ninguna,bajo,bajo,no,1,0,0,0,medio,1.6
116,mujer,33,49,espanola,espanola,fp,inactividad,media,expareja,no,si,71,no,2,2-3,3,3-5,ninguna,medio,alto,no,0,0,1,0,medio,4.7
117,mujer,22,28,espanola,espanola,secundaria,empleo,media,expareja,no,no,140,si,0,0,0,0,ninguna,medio,bajo,no,0,0,0,0,no_apreciado,3.9
118,mujer,16,27,extranjera,espanola,secundaria,empleo,baja,expareja,no,no,27,si,1,1,2,1-2,ninguna,bajo,medio,problematico,1,1,0,1,alto,0.0
119,mujer,33,36,espanola,extranjera,primaria,empleo,media,pareja_actual,si,no,11,no,0,0,3,3-5,leve,bajo,bajo,no,0,0,0,0,no_apreciado,4.7
120,mujer,37,39,extranjera,espanola,universidad,inactividad,baja,expareja,no,si,38,si,0,0,2,1-2,leve,bajo,medio,no,1,0,0,1,bajo,3.3
121,mujer,23,27,espanola,espanola,primaria,empleo,baja,pareja_actual,si,no,94,no,0,0,2,1-2,leve,medio,medio,no,1,0,0,0,no_apreciado,4.3
122,mujer,36,33,espanola,espanola,universidad,empleo,media,expareja,no,si,55,no,0,0,0,0,leve,medio,medio,no,0,0,0,0,no_apreciado,3.4
123,hombre,37,33,extranjera,extranjera,fp,desempleo,baja,pareja_actual,no,no,76,si,3,2-3,3,3-5,ninguna,medio,bajo,problematico,1,0,0,0,alto,0.0
124,mujer,16,26,espanola,espanola,fp,empleo,baja,pareja_actual,no,no,22,no,0,0,1,1-2,ninguna,bajo,medio,no,0,0,0,1,no_apreciado,0.0
125,hombre,27,37,espanola,espanola,fp,empleo,media,pareja_actual,si,no,45,no,0,0,1,1-2,ninguna,alto,bajo,no,0,0,0,0,no_apreciado,2.9
126,mujer,40,36,espanola,extranjera,universidad,empleo,baja,pareja_actual,si,no,56,no,1,1,3,3-5,ninguna,medio,medio,no,0,0,1,0,medio,5.6
127,mujer,40,48,espanola,espanola,primaria,inactividad,baja,pareja_actual,si,si,14,no,3,2-3,4,3-5,leve,bajo,bajo,problematico,0,1,0,0,alto,0.0
128,mujer,24,25,espanola,espanola,primaria,empleo,baja,pareja_actual,no,no,56,no,1,1,1,1-2,ninguna,bajo,bajo,problematico,0,1,1,0,medio,1.1
129,mujer,38,42,espanola,espanola,secundaria,empleo,media,pareja_actual,no,si,42,no,0,0,3,3-5,leve,medio,medio,no,0,0,0,0,bajo,0.0
130,mujer,46,51,extranjera,espanola,secundaria,empleo,baja,pareja_actual,si,no,270,no,1,1,4,3-5,ninguna,medio,bajo,ocasional,0,0,1,0,bajo,4.5
131,mujer,44,52,extranjera,espanola,primaria,empleo,media,pareja_actual,si,si,53,si,1,1,1,1-2,ninguna,bajo,bajo,no,0,0,0,0,bajo,9.3
132,mujer,35,37,espanola,extranjera,primaria,empleo,media,relacion_ocasional,no,si,11,no,2,2-3,2,1-2,ninguna,bajo,alto,ocasional,0,0,0,0,bajo,2.5
133,mujer,31,41,espanola,espanola,secundaria,empleo,baja,pareja_actual,no,si,75,si,1,1,2,1-2,leve,bajo,alto,no,1,0,0,0,no_apreciado,2.8
134,mujer,30,34,espanola,espanola,primaria,empleo,alta,pareja_actual,no,si,49,no,3,2-3,4,3-5,leve,bajo,alto,ocasional,0,0,0,0,medio,4.8
135,mujer,41,47,extranjera,extranjera,primaria,empleo,baja,pareja_actual,si,no,131,no,0,0,0,0,moderada,bajo,bajo,problematico,0,0,0,0,no_apreciado,5.0
136,mujer,38,35,espanola,espanola,universidad,inactividad,baja,pareja_actual,si,no,20,no,2,2-3,3,3-5,ninguna,alto,medio,no,0,1,0,1,alto,4.5
137,mujer,42,57,espanola,espanola,secundaria,empleo,baja,relacion_ocasional,no,si,2,si,0,0,1,1-2,leve,medio,medio,no,0,1,0,0,medio,5.0
138,mujer,37,42,espanola,extranjera,universidad,empleo,media,pareja_actual,no,no,98,no,1,1,2,1-2,leve,medio,bajo,no,0,0,0,0,medio,4.0
139,mujer,44,50,espanola,espanola,universidad,inactividad,baja,expareja,no,no,6,si,3,2-3,3,3-5,ninguna,medio,medio,no,0,0,0,0,medio,3.6
140,mujer,37,29,espanola,espanola,primaria,inactividad,alta,pareja_actual,si,si,52,no,0,0,0,0,ninguna,medio,bajo,no,0,0,0,0,bajo,4.7
141,mujer,44,41,espanola,extranjera,fp,desempleo,baja,pareja_actual,si,si,52,no,1,1,1,1-2,ninguna,bajo,alto,no,1,0,1,0,alto,4.2
142,mujer,45,54,extranjera,espanola,secundaria,empleo,media,pareja_actual,si,no,64,no,1,1,2,1-2,ninguna,bajo,medio,problematico,0,0,0,0,bajo,7.0
143,mujer,28,32,extranjera,espanola,fp,empleo,baja,relacion_ocasional,no,no,3,no,2,2-3,3,3-5,moderada,bajo,medio,no,0,1,0,0,medio,2.3
144,mujer,18,16,extranjera,espanola,primaria,empleo,baja,pareja_actual,no,si,95,no,0,0,1,1-2,ninguna,medio,medio,problematico,0,0,0,0,bajo,5.7
145,mujer,51,59,espanola,espanola,primaria,empleo,baja,pareja_actual,si,no,29,no,1,1,5,3-5,leve,medio,bajo,no,0,0,0,0,no_apreciado,2.7
146,mujer,39,38,espanola,espanola,primaria,empleo,media,pareja_actual,no,si,104,no,0,0,1,1-2,leve,medio,bajo,no,0,0,0,0,bajo,6.2
147,mujer,19,29,espanola,espanola,secundaria,desempleo,baja,pareja_actual,si,si,22,no,1,1,3,3-5,ninguna,medio,medio,no,0,0,0,0,bajo,6.0
148,mujer,29,30,extranjera,extranjera,universidad,empleo,alta,pareja_actual,si,no,68,si,1,1,4,3-5,leve,alto,medio,problematico,0,0,0,0,no_apreciado,2.9
149,mujer,44,47,espanola,extranjera,fp,desempleo,media,pareja_actual,si,no,121,no,0,0,0,0,ninguna,bajo,medio,no,0,0,0,1,bajo,6.1
150,mujer,33,42,extranjera,extranjera,fp,empleo,alta,pareja_actual,si,no,27,no,0,0,0,0,leve,medio,bajo,no,0,0,0,1,medio,3.6
151,mujer,31,28,espanola,espanola,universidad,empleo,baja,expareja,no,si,32,no,1,1,2,1-2,ninguna,medio,medio,ocasional,0,0,0,0,medio,3.1
152,mujer,50,46,extranjera,espanola,fp,inactividad,media,expareja,no,si,107,no,3,2-3,3,3-5,ninguna,medio,bajo,ocasional,1,0,0,0,medio,1.9
153,mujer,26,27,espanola,espanola,primaria,inactividad,media,pareja_actual,si,si,61,no,0,0,1,1-2,ninguna,medio,bajo,ocasional,0,0,0,0,no_apreciado,4.7
154,mujer,28,35,espanola,espanola,universidad,empleo,media,pareja_actual,si,si,11,si,0,0,3,3-5,leve,medio,alto,no,0,0,0,1,bajo,7.1
155,mujer,38,32,espanola,extranjera,secundaria,desempleo,alta,pareja_actual,si,si,63,no,1,1,1,1-2,leve,bajo,medio,no,0,1,0,0,medio,6.1
156,mujer,40,32,espanola,espanola,primaria,empleo,media,expareja,no,no,85,no,3,2-3,3,3-5,leve,medio,medio,ocasional,0,0,0,0,medio,0.5
157,mujer,41,48,espanola,espanola,secundaria,empleo,alta,pareja_actual,no,no,110,no,0,0,2,1-2,ninguna,alto,alto,ocasional,0,0,0,0,no_apreciado,0.7
158,mujer,45,43,espanola,extranjera,universidad,desempleo,media,expareja,no,no,67,no,2,2-3,5,3-5,grave,medio,bajo,ocasional,0,0,0,0,bajo,3.6
159,mujer,38,38,espanola,espanola,secundaria,empleo,baja,expareja,no,si,77,si,2,2-3,3,3-5,ninguna,alto,alto,no,0,0,1,0,alto,3.8
160,mujer,41,32,espanola,espanola,secundaria,empleo,media,expareja,no,si,154,si,0,0,0,0,moderada,medio,medio,no,0,0,0,0,no_apreciado,1.5
161,mujer,33,31,espanola,espanola,primaria,empleo,media,pareja_actual,no,no,100,no,0,0,3,3-5,leve,medio,medio,problematico,0,0,0,0,no_apreciado,6.5
162,mujer,37,39,espanola,espanola,primaria,empleo,alta,expareja,no,si,44,no,1,1,2,1-2,leve,medio,bajo,ocasional,0,0,0,0,bajo,4.8
163,mujer,37,45,extranjera,extranjera,primaria,empleo,alta,pareja_actual,si,no,48,no,1,1,2,1-2,ninguna,medio,bajo,no,0,1,0,0,alto,3.6
164,mujer,38,35,espanola,espanola,fp,empleo,baja,pareja_actual,si,si,118,no,2,2-3,2,1-2,leve,alto,medio,problematico,0,0,1,0,alto,3.4
165,mujer,44,56,espanola,extranjera,universidad,estudios,baja,pareja_actual,si,no,66,no,0,0,2,1-2,leve,bajo,bajo,ocasional,0,0,0,0,no_apreciado,4.5
166,mujer,42,40,extranjera,extranjera,primaria,desempleo,baja,pareja_actual,no,no,59,no,3,2-3,5,3-5,ninguna,medio,bajo,no,0,1,0,0,alto,2.3
167,mujer,36,34,extranjera,extranjera,secundaria,empleo,media,expareja,no,no,43,si,0,0,2,1-2,moderada,medio,medio,no,0,0,0,0,no_apreciado,5.8
168,no_binario,28,39,espanola,espanola,primaria,empleo,baja,expareja,no,no,115,si,0,0,2,1-2,ninguna,alto,medio,ocasional,0,0,0,0,no_apreciado,5.2
169,mujer,37,40,extranjera,espanola,primaria,desempleo,media,pareja_actual,si,no,28,no,1,1,1,1-2,leve,medio,bajo,no,1,0,0,0,bajo,5.1
170,mujer,36,35,espanola,extranjera,secundaria,empleo,media,relacion_ocasional,no,si,2,no,1,1,2,1-2,leve,alto,medio,ocasional,0,0,0,0,medio,4.5
171,mujer,38,39,espanola,espanola,fp,empleo,alta,pareja_actual,no,no,115,no,0,0,0,0,moderada,alto,alto,ocasional,0,0,1,0,no_apreciado,4.8
172,mujer,58,68,espanola,espanola,fp,desempleo,baja,pareja_actual,si,no,114,no,1,1,2,1-2,leve,bajo,medio,no,0,0,1,0,medio,5.1
173,no_binario,31,42,espanola,extranjera,secundaria,empleo,media,pareja_actual,no,no,216,no,1,1,4,3-5,ninguna,alto,medio,problematico,0,0,0,0,bajo,3.9
174,mujer,40,37,espanola,espanola,secundaria,empleo,baja,relacion_ocasional,no,no,9,no,1,1,3,3-5,leve,alto,medio,no,0,1,1,0,alto,4.3
175,mujer,47,49,espanola,extranjera,primaria,empleo,alta,pareja_actual,si,si,43,si,2,2-3,4,3-5,ninguna,bajo,bajo,no,0,0,0,1,medio,6.1
176,mujer,37,40,espanola,extranjera,primaria,empleo,baja,pareja_actual,si,no,47,no,0,0,1,1-2,leve,medio,bajo,ocasional,1,0,0,0,no_apreciado,3.3
177,mujer,59,55,espanola,espanola,universidad,empleo,baja,pareja_actual,no,no,13,si,1,1,1,1-2,leve,bajo,alto,ocasional,0,0,1,0,bajo,1.5
178,mujer,32,34,espanola,espanola,fp,inactividad,baja,relacion_ocasional,no,si,4,no,0,0,0,0,moderada,medio,medio,no,1,0,0,0,medio,2.4
179,mujer,39,41,espanola,extranjera,universidad,empleo,alta,expareja,no,si,67,si,0,0,0,0,ninguna,bajo,medio,ocasional,0,0,0,0,no_apreciado,1.4
180,mujer,28,37,espanola,espanola,universidad,desempleo,baja,expareja,no,si,41,si,0,0,2,1-2,ninguna,medio,alto,problematico,0,0,0,0,no_apreciado,0.0
181,mujer,32,41,espanola,extranjera,fp,desempleo,media,expareja,no,no,30,si,2,2-3,4,3-5,leve,medio,bajo,ocasional,0,1,0,0,extremo,4.5
182,mujer,38,38,espanola,extranjera,universidad,empleo,media,expareja,no,si,58,si,1,1,1,1-2,ninguna,medio,bajo,ocasional,0,0,0,0,no_apreciado,3.8
183,mujer,44,45,espanola,extranjera,secundaria,empleo,media,pareja_actual,si,si,68,no,0,0,3,3-5,ninguna,bajo,medio,no,0,0,0,0,no_apreciado,2.1
184,mujer,39,45,espanola,espanola,primaria,empleo,baja,pareja_actual,si,si,49,no,0,0,3,3-5,ninguna,medio,bajo,no,0,0,0,0,bajo,4.5
185,mujer,49,47,espanola,espanola,primaria,desempleo,baja,expareja,no,no,50,no,3,2-3,6,6-10,leve,medio,medio,ocasional,0,0,0,0,medio,2.6
186,mujer,35,41,extranjera,espanola,primaria,empleo,baja,expareja,no,si,40,no,0,0,1,1-2,ninguna,medio,alto,no,0,0,0,1,no_apreciado,3.4
187,mujer,33,34,espanola,espanola,primaria,desempleo,baja,pareja_actual,si,si,89,no,0,0,1,1-2,leve,bajo,medio,ocasional,0,0,0,0,no_apreciado,2.6
188,hombre,63,59,extranjera,espanola,secundaria,inactividad,media,pareja_actual,no,no,36,no,1,1,2,1-2,moderada,bajo,bajo,no,0,0,0,0,bajo,0.0
189,mujer,40,36,espanola,espanola,fp,desempleo,baja,expareja,no,si,25,no,3,2-3,5,3-5,leve,medio,medio,no,0,0,0,0,alto,4.1
190,mujer,29,40,espanola,espanola,fp,estudios,baja,pareja_actual,si,no,39,si,0,0,2,1-2,ninguna,alto,bajo,no,1,0,0,0,no_apreciado,1.6
191,mujer,29,30,espanola,extranjera,secundaria,desempleo,baja,relacion_ocasional,no,no,7,no,1,1,4,3-5,ninguna,bajo,alto,no,0,0,0,0,no_apreciado,2.5
192,mujer,27,39,espanola,extranjera,primaria,inactividad,media,pareja_actual,si,si,93,si,1,1,2,1-2,ninguna,medio,bajo,no,0,0,0,0,bajo,4.3
193,mujer,45,44,extranjera,espanola,fp,inactividad,baja,pareja_actual,si,no,174,no,0,0,0,0,leve,bajo,alto,ocasional,0,0,1,0,bajo,4.7
194,mujer,32,36,extranjera,espanola,secundaria,desempleo,media,expareja,no,si,59,no,1,1,3,3-5,leve,medio,medio,ocasional,0,0,0,0,bajo,3.6
195,mujer,37,53,extranjera,espanola,primaria,inactividad,baja,pareja_actual,si,si,146,no,0,0,1,1-2,ninguna,bajo,medio,no,0,0,0,0,no_apreciado,8.5
196,mujer,35,31,espanola,espanola,secundaria,estudios,alta,pareja_actual,si,si,33,no,1,1,1,1-2,ninguna,medio,medio,no,0,0,0,0,no_apreciado,1.5
197,mujer,43,34,espanola,espanola,secundaria,empleo,media,pareja_actual,si,si,29,no,2,2-3,2,1-2,ninguna,medio,bajo,ocasional,0,1,0,0,alto,6.9
198,mujer,28,38,espanola,extranjera,secundaria,desempleo,baja,expareja,no,si,75,no,1,1,1,1-2,ninguna,bajo,medio,no,0,0,0,0,medio,0.0
199,mujer,25,22,espanola,extranjera,universidad,empleo,baja,pareja_actual,si,no,83,no,1,1,4,3-5,grave,bajo,alto,no,0,0,0,0,bajo,8.1
200,mujer,38,40,espanola,espanola,fp,inactividad,baja,pareja_actual,si,si,63,si,1,1,2,1-2,ninguna,bajo,alto,no,1,1,0,0,medio,0.5
201,mujer,42,40,espanola,extranjera,fp,empleo,baja,expareja,no,si,274,no,0,0,2,1-2,ninguna,medio,bajo,ocasional,1,0,1,0,bajo,8.4
202,mujer,39,43,espanola,extranjera,primaria,inactividad,baja,relacion_ocasional,no,no,1,si,1,1,3,3-5,ninguna,alto,medio,problematico,0,0,0,0,medio,2.1
203,mujer,28,24,extranjera,espanola,universidad,inactividad,alta,pareja_actual,si,no,128,no,2,2-3,4,3-5,ninguna,medio,alto,ocasional,0,0,0,0,medio,7.8
204,mujer,43,44,espanola,espanola,fp,estudios,media,pareja_actual,no,si,29,no,0,0,0,0,ninguna,alto,alto,problematico,0,0,0,0,bajo,5.4
205,mujer,29,34,espanola,espanola,primaria,empleo,baja,pareja_actual,si,si,87,si,0,0,3,3-5,ninguna,medio,medio,problematico,0,0,1,0,bajo,4.0
206,mujer,31,27,espanola,extranjera,fp,desempleo,media,pareja_actual,si,si,57,no,1,1,2,1-2,ninguna,bajo,bajo,no,0,1,1,0,alto,4.2
207,mujer,27,25,espanola,espanola,secundaria,desempleo,baja,pareja_actual,si,si,66,no,1,1,1,1-2,ninguna,bajo,alto,no,0,0,0,0,no_apreciado,3.2
208,mujer,49,49,espanola,espanola,secundaria,estudios,alta,expareja,no,no,75,si,3,2-3,5,3-5,leve,medio,bajo,no,0,0,0,0,no_apreciado,4.7
209,mujer,42,35,espanola,extranjera,primaria,inactividad,baja,pareja_actual,no,no,58,no,1,1,2,1-2,leve,bajo,bajo,no,0,0,0,0,medio,2.1
210,mujer,42,41,espanola,espanola,secundaria,desempleo,media,pareja_actual,si,si,50,si,0,0,1,1-2,ninguna,alto,medio,ocasional,0,1,0,1,medio,3.2
211,no_binario,48,51,espanola,extranjera,primaria,desempleo,media,expareja,no,si,10,no,0,0,0,0,moderada,medio,bajo,no,1,0,0,0,bajo,4.2
212,mujer,64,64,extranjera,espanola,primaria,empleo,baja,pareja_actual,no,no,103,no,0,0,0,0,ninguna,medio,alto,no,1,0,0,1,bajo,1.0
213,mujer,19,19,espanola,extranjera,primaria,estudios,baja,pareja_actual,no,no,19,no,1,1,4,3-5,grave,medio,bajo,no,0,0,1,0,bajo,2.3
214,mujer,29,31,espanola,extranjera,universidad,empleo,baja,expareja,no,si,41,si,1,1,2,1-2,moderada,medio,medio,ocasional,0,0,0,0,bajo,3.2
215,mujer,30,28,espanola,espanola,secundaria,desempleo,alta,expareja,no,si,69,si,3,2-3,3,3-5,ninguna,medio,alto,ocasional,0,0,0,0,alto,1.6
216,mujer,27,33,espanola,extranjera,secundaria,inactividad,media,expareja,no,si,22,no,1,1,2,1-2,ninguna,bajo,alto,problematico,0,0,0,0,no_apreciado,1.9
217,mujer,25,36,espanola,espanola,secundaria,empleo,media,pareja_actual,no,no,50,si,0,0,2,1-2,moderada,bajo,alto,no,0,0,0,0,no_apreciado,6.4
218,mujer,33,32,espanola,espanola,universidad,empleo,media,pareja_actual,si,si,95,no,0,0,0,0,ninguna,bajo,alto,no,1,0,0,0,bajo,4.6
219,mujer,24,29,espanola,espanola,secundaria,empleo,alta,relacion_ocasional,no,si,10,no,1,1,2,1-2,ninguna,bajo,bajo,problematico,0,0,0,1,medio,2.2
220,hombre,39,40,espanola,extranjera,universidad,inactividad,media,pareja_actual,no,si,51,no,1,1,1,1-2,leve,medio,alto,ocasional,0,0,0,0,medio,2.6
221,mujer,37,41,espanola,espanola,secundaria,empleo,media,pareja_actual,si,si,26,si,0,0,1,1-2,leve,bajo,alto,ocasional,1,0,0,1,bajo,6.0
222,mujer,41,52,espanola,espanola,primaria,empleo,media,pareja_actual,si,no,44,no,0,0,1,1-2,moderada,bajo,medio,no,0,0,0,0,bajo,2.7
223,mujer,41,46,extranjera,espanola,secundaria,desempleo,baja,expareja,no,no,19,si,0,0,0,0,leve,alto,medio,no,0,0,0,0,no_apreciado,3.9
224,hombre,42,33,espanola,espanola,secundaria,empleo,alta,relacion_ocasional,no,no,10,no,0,0,2,1-2,moderada,alto,bajo,problematico,0,0,0,0,no_apreciado,3.6
225,mujer,32,37,espanola,espanola,universidad,inactividad,baja,pareja_actual,si,si,15,no,1,1,1,1-2,leve,medio,medio,ocasional,0,0,0,0,medio,1.1
226,mujer,57,66,extranjera,espanola,universidad,empleo,baja,relacion_ocasional,no,si,3,no,0,0,1,1-2,leve,medio,medio,ocasional,0,1,1,1,alto,6.9
227,mujer,38,39,espanola,espanola,secundaria,empleo,alta,pareja_actual,si,no,57,no,1,1,2,1-2,leve,medio,medio,no,0,0,1,0,medio,8.2
228,mujer,17,25,espanola,extranjera,universidad,empleo,baja,pareja_actual,si,no,48,no,0,0,1,1-2,grave,bajo,medio,no,0,0,0,1,medio,3.2
229,mujer,26,24,extranjera,espanola,secundaria,empleo,baja,expareja,no,si,72,no,0,0,3,3-5,grave,medio,medio,no,0,0,0,1,medio,0.5
230,mujer,19,16,espanola,espanola,secundaria,empleo,baja,pareja_actual,si,si,51,no,1,1,3,3-5,moderada,bajo,bajo,ocasional,0,1,0,0,alto,5.5
231,mujer,36,39,espanola,extranjera,secundaria,desempleo,media,pareja_actual,si,no,10,no,1,1,2,1-2,leve,medio,alto,no,0,0,0,0,no_apreciado,1.9
232,mujer,35,26,espanola,espanola,primaria,empleo,alta,pareja_actual,no,no,21,no,1,1,2,1-2,leve,alto,bajo,no,1,0,0,0,medio,6.0
233,mujer,31,32,espanola,extranjera,universidad,empleo,baja,relacion_ocasional,no,no,8,no,1,1,1,1-2,ninguna,medio,bajo,no,0,0,0,0,bajo,2.0
234,mujer,56,66,espanola,espanola,primaria,empleo,baja,pareja_actual,si,no,112,no,0,0,0,0,moderada,alto,bajo,problematico,0,0,0,0,no_apreciado,8.6
235,mujer,41,32,espanola,extranjera,secundaria,empleo,media,relacion_ocasional,no,si,1,no,0,0,3,3-5,ninguna,medio,alto,no,1,1,0,0,medio,1.2
236,mujer,43,37,espanola,extranjera,secundaria,estudios,alta,expareja,no,si,270,si,3,2-3,4,3-5,ninguna,medio,alto,no,0,1,0,0,alto,2.8
237,mujer,27,23,espanola,extranjera,primaria,empleo,baja,pareja_actual,no,si,37,no,1,1,2,1-2,ninguna,medio,bajo,ocasional,0,0,0,0,bajo,5.8
238,mujer,26,28,espanola,espanola,primaria,estudios,alta,expareja,no,no,93,no,0,0,1,1-2,leve,medio,bajo,ocasional,1,0,0,0,bajo,2.3
239,mujer,36,36,espanola,espanola,fp,empleo,alta,pareja_actual,si,no,88,no,1,1,3,3-5,leve,medio,medio,ocasional,0,0,0,0,medio,5.6
240,mujer,38,48,espanola,extranjera,primaria,empleo,baja,pareja_actual,no,si,150,si,1,1,2,1-2,ninguna,bajo,bajo,problematico,0,0,0,0,bajo,5.4
241,mujer,17,25,extranjera,espanola,secundaria,empleo,alta,expareja,no,no,124,no,1,1,3,3-5,ninguna,medio,medio,no,0,1,0,0,medio,1.8
242,mujer,34,39,espanola,espanola,secundaria,empleo,media,expareja,no,si,67,si,1,1,2,1-2,ninguna,bajo,bajo,problematico,0,0,0,0,bajo,0.2
243,mujer,36,39,espanola,espanola,secundaria,inactividad,media,pareja_actual,si,si,83,si,0,0,0,0,ninguna,medio,medio,problematico,1,0,0,0,bajo,1.8
244,mujer,34,38,espanola,extranjera,primaria,empleo,baja,pareja_actual,no,si,72,no,1,1,4,3-5,ninguna,bajo,bajo,no,0,0,1,0,medio,4.3
245,mujer,28,25,espanola,espanola,fp,empleo,alta,pareja_actual,si,no,54,no,0,0,0,0,leve,medio,medio,ocasional,0,0,0,0,no_apreciado,5.9
246,mujer,31,38,espanola,espanola,universidad,desempleo,media,expareja,no,no,79,si,4,4+,5,3-5,ninguna,bajo,medio,no,0,0,1,0,alto,5.3
247,mujer,34,29,espanola,extranjera,primaria,desempleo,media,pareja_actual,no,no,62,no,1,1,1,1-2,ninguna,bajo,bajo,no,0,0,0,0,bajo,2.4
248,mujer,37,44,espanola,espanola,universidad,estudios,alta,pareja_actual,no,no,61,no,2,2-3,4,3-5,ninguna,medio,bajo,no,0,0,0,0,alto,0.0
249,mujer,42,51,extranjera,espanola,secundaria,estudios,media,pareja_actual,si,no,154,no,0,0,2,1-2,leve,bajo,bajo,no,0,0,0,0,bajo,0.0
250,mujer,47,50,extranjera,espanola,fp,desempleo,alta,pareja_actual,si,no,68,no,1,1,2,1-2,moderada,alto,bajo,problematico,0,0,0,0,no_apreciado,11.3
251,mujer,33,34,espanola,espanola,fp,inactividad,alta,expareja,no,no,59,si,0,0,0,0,ninguna,medio,alto,no,0,1,0,0,medio,4.2
252,mujer,31,35,espanola,espanola,fp,inactividad,baja,expareja,no,si,49,si,3,2-3,5,3-5,ninguna,bajo,bajo,ocasional,0,0,1,0,medio,3.3
253,mujer,40,25,espanola,extranjera,universidad,empleo,baja,pareja_actual,si,no,46,no,2,2-3,4,3-5,leve,bajo,bajo,no,0,0,0,0,medio,5.6
254,mujer,42,46,espanola,extranjera,secundaria,desempleo,baja,pareja_actual,si,no,21,no,0,0,2,1-2,ninguna,alto,bajo,no,0,0,0,0,no_apreciado,1.9
255,mujer,32,33,espanola,espanola,secundaria,empleo,alta,pareja_actual,si,no,54,no,1,1,4,3-5,moderada,medio,medio,no,0,0,0,0,medio,3.3
256,mujer,44,46,extranjera,espanola,secundaria,desempleo,baja,expareja,no,si,116,no,0,0,0,0,grave,medio,alto,no,0,0,0,0,no_apreciado,6.8
257,mujer,46,52,espanola,espanola,primaria,estudios,media,expareja,no,no,36,si,0,0,0,0,leve,bajo,medio,ocasional,0,0,0,0,no_apreciado,4.4
258,hombre,49,51,extranjera,extranjera,fp,empleo,baja,pareja_actual,si,no,198,no,5,4+,8,6-10,grave,medio,medio,problematico,0,0,0,0,medio,3.3
259,mujer,54,49,espanola,extranjera,primaria,inactividad,baja,pareja_actual,no,si,6,no,3,2-3,3,3-5,ninguna,alto,alto,no,0,0,0,0,bajo,0.3
260,mujer,27,28,extranjera,extranjera,secundaria,estudios,media,pareja_actual,no,no,77,no,0,0,0,0,ninguna,medio,medio,problematico,0,1,0,0,bajo,1.9
261,mujer,36,38,espanola,espanola,primaria,empleo,baja,pareja_actual,si,si,64,no,1,1,4,3-5,ninguna,bajo,alto,ocasional,1,0,0,0,bajo,4.3
262,mujer,36,39,espanola,espanola,primaria,empleo,alta,expareja,no,si,152,si,1,1,3,3-5,ninguna,bajo,medio,ocasional,0,0,0,0,no_apreciado,7.5
263,mujer,35,38,espanola,espanola,fp,estudios,baja,pareja_actual,no,si,33,no,0,0,0,0,ninguna,bajo,bajo,no,0,0,0,0,no_apreciado,2.6
264,mujer,30,38,extranjera,espanola,fp,estudios,alta,pareja_actual,si,no,19,no,0,0,4,3-5,leve,medio,medio,no,0,0,0,0,no_apreciado,2.4
265,mujer,21,16,espanola,espanola,secundaria,empleo,baja,relacion_ocasional,no,no,2,si,3,2-3,3,3-5,leve,alto,bajo,problematico,0,0,0,0,bajo,2.9
266,mujer,37,40,extranjera,espanola,primaria,empleo,alta,pareja_actual,si,si,42,si,0,0,2,1-2,ninguna,alto,bajo,ocasional,0,0,0,0,no_apreciado,5.6
267,mujer,28,38,espanola,extranjera,secundaria,desempleo,media,pareja_actual,no,no,13,no,0,0,2,1-2,leve,alto,alto,no,0,0,0,0,no_apreciado,0.2
268,mujer,37,29,extranjera,espanola,secundaria,empleo,baja,pareja_actual,si,si,59,si,0,0,2,1-2,ninguna,bajo,bajo,ocasional,0,0,0,0,no_apreciado,5.9
269,mujer,28,31,espanola,espanola,fp,empleo,baja,pareja_actual,si,no,39,no,0,0,1,1-2,ninguna,alto,medio,no,1,0,0,0,bajo,7.7
270,mujer,25,23,espanola,extranjera,secundaria,empleo,baja,pareja_actual,si,no,135,no,2,2-3,2,1-2,ninguna,bajo,alto,ocasional,0,0,0,0,medio,5.3
271,mujer,38,38,extranjera,espanola,secundaria,empleo,media,pareja_actual,no,no,60,no,0,0,1,1-2,leve,bajo,medio,no,0,0,0,0,bajo,1.2
272,mujer,38,35,espanola,extranjera,secundaria,desempleo,alta,pareja_actual,si,no,30,no,0,0,4,3-5,leve,medio,bajo,problematico,0,0,0,0,bajo,3.8
273,mujer,42,43,espanola,espanola,universidad,desempleo,baja,pareja_actual,si,no,54,no,0,0,0,0,leve,bajo,medio,no,0,0,0,0,medio,1.4
274,mujer,58,71,espanola,extranjera,fp,desempleo,baja,pareja_actual,si,no,63,si,0,0,1,1-2,ninguna,alto,alto,no,1,0,0,0,medio,4.7
275,mujer,39,33,espanola,espanola,secundaria,desempleo,media,expareja,no,si,82,si,1,1,3,3-5,ninguna,alto,bajo,ocasional,1,0,0,0,no_apreciado,3.7
276,mujer,41,36,espanola,espanola,secundaria,empleo,media,pareja_actual,no,si,56,no,1,1,2,1-2,grave,medio,bajo,no,0,0,0,0,no_apreciado,1.0
277,mujer,25,19,espanola,espanola,primaria,empleo,media,pareja_actual,no,si,192,no,0,0,1,1-2,ninguna,alto,medio,problematico,0,0,0,0,no_apreciado,7.3
278,mujer,23,35,espanola,espanola,universidad,empleo,media,pareja_actual,si,no,20,no,0,0,1,1-2,ninguna,medio,alto,ocasional,0,0,1,0,bajo,6.7
279,mujer,52,51,extranjera,espanola,secundaria,empleo,media,expareja,no,no,38,si,0,0,2,1-2,ninguna,bajo,bajo,no,0,0,0,0,no_apreciado,0.0
280,mujer,27,29,espanola,espanola,secundaria,empleo,alta,expareja,no,no,30,no,0,0,0,0,ninguna,alto,bajo,no,0,0,0,0,no_apreciado,0.0
281,mujer,26,26,espanola,espanola,universidad,empleo,baja,pareja_actual,si,si,43,no,1,1,3,3-5,leve,medio,alto,problematico,0,1,0,0,medio,2.8
282,mujer,36,32,espanola,extranjera,fp,empleo,baja,pareja_actual,no,si,69,no,2,2-3,4,3-5,ninguna,alto,bajo,ocasional,0,0,0,0,bajo,6.5
283,mujer,35,36,espanola,espanola,primaria,empleo,baja,pareja_actual,no,no,65,si,0,0,1,1-2,leve,bajo,bajo,problematico,0,0,0,0,no_apreciado,5.0
284,mujer,27,44,espanola,espanola,primaria,desempleo,media,pareja_actual,si,no,81,no,0,0,0,0,moderada,bajo,medio,no,0,1,0,0,bajo,8.6
285,hombre,33,43,extranjera,espanola,primaria,desempleo,baja,pareja_actual,si,si,59,no,0,0,1,1-2,ninguna,medio,bajo,problematico,0,0,0,0,no_apreciado,5.0
286,mujer,48,45,extranjera,extranjera,secundaria,estudios,alta,pareja_actual,si,si,62,si,1,1,3,3-5,ninguna,medio,bajo,no,0,0,0,0,no_apreciado,4.5
287,mujer,28,34,espanola,espanola,primaria,inactividad,media,pareja_actual,si,si,60,no,0,0,1,1-2,moderada,alto,medio,ocasional,1,0,0,0,no_apreciado,2.3
288,mujer,22,19,espanola,espanola,universidad,desempleo,media,pareja_actual,si,si,40,no,0,0,3,3-5,leve,alto,medio,no,0,0,1,0,bajo,5.8
289,mujer,45,36,espanola,extranjera,universidad,empleo,media,pareja_actual,no,si,38,si,0,0,0,0,moderada,bajo,medio,no,0,0,0,0,no_apreciado,2.6
290,mujer,41,49,espanola,espanola,secundaria,desempleo,baja,pareja_actual,si,si,29,si,1,1,1,1-2,ninguna,medio,bajo,problematico,0,0,0,0,bajo,4.5
291,mujer,30,39,espanola,extranjera,secundaria,empleo,alta,expareja,no,no,84,si,0,0,2,1-2,leve,bajo,medio,problematico,0,0,0,0,no_apreciado,6.6
292,mujer,20,28,espanola,espanola,secundaria,empleo,baja,pareja_actual,si,si,7,no,0,0,1,1-2,moderada,bajo,medio,no,0,0,1,0,no_apreciado,4.7
293,mujer,29,28,espanola,espanola,primaria,empleo,media,relacion_ocasional,no,si,1,si,1,1,4,3-5,ninguna,medio,alto,problematico,0,0,0,0,bajo,5.9
294,mujer,35,36,espanola,espanola,fp,empleo,alta,pareja_actual,si,si,94,no,1,1,2,1-2,moderada,medio,medio,no,0,0,1,0,medio,1.5
295,mujer,48,54,espanola,extranjera,primaria,empleo,media,expareja,no,no,111,si,0,0,2,1-2,leve,medio,medio,no,0,0,1,0,no_apreciado,8.9
296,mujer,26,30,espanola,espanola,primaria,desempleo,alta,expareja,no,si,5,no,1,1,3,3-5,moderada,medio,alto,no,1,0,0,0,medio,2.2
297,mujer,35,35,espanola,espanola,secundaria,inactividad,baja,relacion_ocasional,no,si,7,no,0,0,1,1-2,ninguna,medio,alto,no,0,0,0,0,bajo,4.6
298,mujer,43,35,espanola,espanola,primaria,desempleo,alta,expareja,no,si,31,si,1,1,6,6-10,ninguna,alto,bajo,no,0,0,0,0,no_apreciado,4.9
299,mujer,16,19,espanola,espanola,secundaria,desempleo,media,expareja,no,no,38,si,0,0,0,0,ninguna,bajo,alto,no,0,0,0,0,bajo,1.9
300,mujer,46,54,espanola,espanola,fp,empleo,media,expareja,no,no,126,no,2,2-3,5,3-5,grave,bajo,alto,no,0,0,0,0,no_apreciado,4.8
301,mujer,24,19,espanola,espanola,universidad,empleo,baja,expareja,no,si,31,no,1,1,1,1-2,ninguna,medio,bajo,ocasional,1,0,1,0,alto,4.9
302,mujer,39,45,espanola,espanola,secundaria,desempleo,baja,pareja_actual,si,si,94,si,0,0,0,0,ninguna,medio,bajo,ocasional,1,1,0,0,bajo,3.4
303,mujer,38,42,espanola,espanola,universidad,empleo,media,pareja_actual,si,si,62,no,0,0,1,1-2,moderada,alto,medio,ocasional,0,0,0,0,bajo,3.5
304,mujer,47,54,espanola,espanola,secundaria,empleo,baja,pareja_actual,si,no,37,no,1,1,2,1-2,ninguna,bajo,medio,no,0,0,0,0,no_apreciado,5.1
305,mujer,42,49,extranjera,espanola,universidad,empleo,media,expareja,no,no,34,no,2,2-3,3,3-5,leve,medio,medio,ocasional,0,0,0,0,medio,2.7
306,mujer,16,16,extranjera,espanola,secundaria,estudios,alta,pareja_actual,no,si,66,no,1,1,4,3-5,ninguna,alto,medio,no,0,1,1,0,medio,6.1
307,mujer,28,20,espanola,espanola,secundaria,desempleo,alta,pareja_actual,no,si,52,no,0,0,2,1-2,leve,medio,bajo,ocasional,0,0,0,0,no_apreciado,4.5
308,mujer,37,36,espanola,espanola,universidad,empleo,baja,expareja,no,no,12,no,1,1,2,1-2,ninguna,medio,bajo,ocasional,0,0,0,0,medio,2.8
309,mujer,34,41,espanola,espanola,secundaria,desempleo,alta,pareja_actual,si,no,25,si,2,2-3,2,1-2,leve,alto,alto,no,0,0,1,0,alto,6.3
310,no_binario,41,40,extranjera,espanola,primaria,empleo,baja,pareja_actual,no,si,67,no,2,2-3,4,3-5,leve,bajo,bajo,no,0,0,1,1,extremo,0.0
311,mujer,44,42,espanola,espanola,secundaria,empleo,media,pareja_actual,no,si,19,no,0,0,0,0,ninguna,medio,medio,ocasional,0,1,0,0,bajo,1.6
312,mujer,42,33,extranjera,espanola,secundaria,empleo,alta,pareja_actual,si,si,103,no,1,1,4,3-5,ninguna,alto,bajo,problematico,0,0,0,0,medio,5.6
313,no_binario,34,47,espanola,extranjera,secundaria,empleo,baja,pareja_actual,no,no,15,no,0,0,3,3-5,ninguna,bajo,medio,ocasional,0,0,0,0,no_apreciado,5.5
314,mujer,18,25,espanola,espanola,secundaria,desempleo,baja,pareja_actual,si,no,45,no,0,0,4,3-5,leve,medio,medio,problematico,0,0,0,0,no_apreciado,5.4
315,mujer,31,38,espanola,extranjera,universidad,empleo,baja,pareja_actual,si,no,85,no,1,1,2,1-2,ninguna,medio,bajo,problematico,1,0,0,0,bajo,8.2
316,mujer,40,48,espanola,espanola,secundaria,inactividad,media,pareja_actual,si,no,24,no,1,1,2,1-2,ninguna,alto,medio,no,1,0,0,0,medio,6.9
317,mujer,25,30,espanola,extranjera,secundaria,empleo,alta,pareja_actual,si,si,18,no,0,0,0,0,ninguna,alto,medio,ocasional,0,0,1,1,medio,3.9
318,mujer,42,43,espanola,espanola,secundaria,desempleo,baja,expareja,no,si,75,si,1,1,3,3-5,leve,alto,bajo,no,0,0,0,0,no_apreciado,2.7
319,mujer,45,46,espanola,espanola,universidad,desempleo,baja,pareja_actual,si,si,96,no,0,0,0,0,leve,bajo,bajo,no,0,0,1,0,no_apreciado,5.9
320,mujer,37,36,extranjera,espanola,primaria,desempleo,media,relacion_ocasional,no,no,2,no,0,0,1,1-2,ninguna,medio,medio,no,1,0,1,0,bajo,2.0
321,mujer,16,34,espanola,extranjera,primaria,desempleo,baja,expareja,no,no,40,si,1,1,3,3-5,moderada,alto,medio,problematico,0,0,0,0,bajo,6.4
322,mujer,23,28,espanola,espanola,secundaria,estudios,media,pareja_actual,si,si,14,no,0,0,1,1-2,leve,medio,medio,ocasional,0,1,0,1,medio,2.6
323,mujer,55,54,espanola,espanola,fp,empleo,alta,pareja_actual,si,si,58,no,0,0,3,3-5,moderada,medio,medio,no,0,0,0,0,no_apreciado,5.7
324,mujer,31,36,extranjera,espanola,fp,desempleo,media,pareja_actual,si,no,10,no,0,0,1,1-2,leve,bajo,bajo,no,0,0,0,0,no_apreciado,6.6
325,mujer,16,16,espanola,espanola,secundaria,desempleo,alta,expareja,no,no,127,si,0,0,0,0,ninguna,alto,bajo,no,0,0,0,0,no_apreciado,2.3
326,mujer,48,59,extranjera,espanola,fp,empleo,media,expareja,no,no,49,si,1,1,1,1-2,grave,bajo,medio,ocasional,1,0,0,0,bajo,1.8
327,mujer,36,34,espanola,espanola,secundaria,empleo,alta,expareja,no,si,26,si,1,1,1,1-2,moderada,bajo,medio,problematico,1,0,0,0,medio,2.8
328,mujer,47,52,espanola,espanola,primaria,empleo,baja,pareja_actual,si,no,34,no,1,1,1,1-2,leve,alto,alto,no,0,0,0,0,bajo,6.8
329,mujer,39,47,espanola,extranjera,primaria,empleo,baja,expareja,no,no,61,no,1,1,2,1-2,ninguna,alto,bajo,no,0,0,0,0,bajo,1.9
330,mujer,41,45,espanola,espanola,primaria,empleo,media,pareja_actual,no,no,39,si,1,1,4,3-5,ninguna,alto,medio,ocasional,0,0,0,0,bajo,0.6
331,mujer,40,43,espanola,espanola,secundaria,empleo,baja,expareja,no,no,54,no,0,0,1,1-2,leve,medio,medio,no,1,0,0,0,bajo,5.5
332,mujer,43,45,espanola,extranjera,secundaria,desempleo,alta,pareja_actual,si,no,23,si,0,0,1,1-2,ninguna,bajo,bajo,no,0,0,0,0,no_apreciado,5.9
333,mujer,59,61,espanola,espanola,secundaria,empleo,media,expareja,no,no,112,si,0,0,4,3-5,leve,medio,medio,no,0,0,1,0,no_apreciado,5.2
334,mujer,46,45,extranjera,espanola,secundaria,inactividad,alta,expareja,no,no,35,no,0,0,4,3-5,ninguna,bajo,medio,no,0,0,1,1,medio,4.7
335,mujer,20,19,extranjera,espanola,secundaria,empleo,baja,pareja_actual,no,si,7,si,0,0,1,1-2,leve,alto,bajo,no,0,0,0,0,bajo,7.8
336,mujer,40,51,extranjera,espanola,fp,desempleo,media,pareja_actual,si,si,41,no,1,1,1,1-2,ninguna,medio,bajo,problematico,0,0,0,0,bajo,7.5
337,mujer,47,48,espanola,espanola,fp,empleo,media,pareja_actual,si,no,30,no,2,2-3,3,3-5,ninguna,medio,bajo,no,0,0,0,0,medio,3.4
338,hombre,48,45,espanola,espanola,secundaria,empleo,baja,expareja,no,no,107,si,4,4+,5,3-5,ninguna,bajo,alto,no,1,0,0,0,medio,4.0
339,mujer,32,31,extranjera,extranjera,secundaria,empleo,media,pareja_actual,no,si,26,no,0,0,3,3-5,moderada,medio,bajo,ocasional,1,0,0,0,bajo,1.8
340,mujer,48,57,espanola,espanola,secundaria,desempleo,media,relacion_ocasional,no,si,4,si,0,0,0,0,leve,alto,bajo,problematico,1,0,0,0,bajo,2.0
341,mujer,45,51,espanola,espanola,secundaria,empleo,alta,pareja_actual,no,no,62,no,0,0,1,1-2,moderada,medio,bajo,no,0,0,1,0,no_apreciado,0.0
342,mujer,62,67,extranjera,espanola,secundaria,estudios,media,relacion_ocasional,no,no,5,si,0,0,3,3-5,leve,bajo,bajo,no,0,0,0,0,no_apreciado,2.4
343,mujer,28,28,espanola,espanola,secundaria,empleo,baja,expareja,no,no,133,si,0,0,2,1-2,leve,bajo,bajo,ocasional,0,0,0,0,no_apreciado,4.2
344,mujer,31,36,espanola,extranjera,fp,desempleo,media,pareja_actual,si,si,28,no,0,0,1,1-2,leve,medio,medio,no,0,0,1,0,bajo,4.9
345,mujer,33,31,extranjera,espanola,fp,empleo,media,expareja,no,no,123,si,3,2-3,4,3-5,moderada,bajo,bajo,ocasional,0,0,0,0,medio,0.6
346,mujer,31,31,espanola,espanola,primaria,desempleo,baja,expareja,no,no,105,no,3,2-3,5,3-5,moderada,alto,bajo,no,0,0,0,0,medio,0.0
347,mujer,27,35,espanola,espanola,secundaria,empleo,baja,relacion_ocasional,no,si,2,no,0,0,1,1-2,leve,medio,bajo,no,0,0,1,0,bajo,7.6
348,mujer,16,23,espanola,espanola,universidad,empleo,baja,pareja_actual,si,si,27,no,0,0,0,0,ninguna,bajo,medio,no,0,0,0,0,no_apreciado,5.7
349,mujer,32,28,espanola,espanola,primaria,empleo,baja,pareja_actual,si,no,72,si,2,2-3,2,1-2,leve,alto,bajo,ocasional,0,0,0,0,medio,3.2
350,hombre,40,37,espanola,extranjera,universidad,empleo,media,pareja_actual,no,si,53,no,0,0,0,0,ninguna,medio,medio,no,0,0,0,0,no_apreciado,4.0
351,mujer,31,34,extranjera,espanola,primaria,empleo,baja,pareja_actual,si,no,72,no,0,0,6,6-10,ninguna,bajo,medio,no,0,0,1,0,bajo,9.8
352,mujer,55,67,extranjera,extranjera,secundaria,estudios,media,pareja_actual,si,no,42,si,0,0,0,0,leve,medio,medio,no,0,0,0,0,bajo,6.4
353,mujer,36,27,espanola,espanola,secundaria,empleo,baja,pareja_actual,si,no,57,no,2,2-3,4,3-5,moderada,bajo,bajo,ocasional,1,1,0,0,alto,0.0
354,mujer,49,53,espanola,extranjera,primaria,empleo,media,pareja_actual,si,si,49,si,0,0,1,1-2,ninguna,medio,alto,no,0,0,0,0,no_apreciado,10.8
355,mujer,39,33,extranjera,extranjera,universidad,estudios,baja,pareja_actual,no,no,71,no,0,0,1,1-2,ninguna,alto,medio,ocasional,0,0,0,0,bajo,0.0
356,mujer,44,42,espanola,extranjera,secundaria,empleo,alta,pareja_actual,si,si,26,si,0,0,2,1-2,moderada,alto,bajo,ocasional,1,1,0,0,alto,4.5
357,mujer,39,39,espanola,espanola,universidad,empleo,baja,expareja,no,no,60,no,3,2-3,3,3-5,ninguna,bajo,medio,no,1,0,0,1,alto,0.5
358,mujer,50,49,espanola,espanola,secundaria,desempleo,media,expareja,no,si,131,si,2,2-3,5,3-5,ninguna,medio,medio,problematico,1,0,0,0,medio,1.4
359,mujer,37,36,espanola,espanola,universidad,inactividad,baja,pareja_actual,si,no,126,si,1,1,3,3-5,leve,bajo,bajo,problematico,1,0,0,0,bajo,5.6
360,mujer,41,43,espanola,espanola,universidad,desempleo,baja,pareja_actual,si,no,65,no,1,1,2,1-2,moderada,medio,bajo,no,1,0,0,0,medio,0.4
361,mujer,40,39,espanola,espanola,secundaria,empleo,media,relacion_ocasional,no,si,5,no,0,0,1,1-2,leve,bajo,medio,no,0,0,0,0,bajo,2.8
362,mujer,33,26,espanola,extranjera,secundaria,estudios,alta,pareja_actual,no,si,172,no,0,0,1,1-2,leve,medio,bajo,no,1,0,0,0,bajo,5.5
363,mujer,40,47,espanola,extranjera,fp,empleo,alta,pareja_actual,no,no,71,no,0,0,4,3-5,ninguna,bajo,alto,no,1,0,0,0,no_apreciado,1.1
364,mujer,58,65,espanola,espanola,secundaria,estudios,baja,pareja_actual,si,si,161,no,0,0,1,1-2,ninguna,alto,bajo,no,0,0,0,0,bajo,1.9
365,mujer,33,40,espanola,espanola,universidad,inactividad,baja,expareja,no,si,73,si,1,1,3,3-5,leve,alto,bajo,problematico,1,0,1,0,alto,2.7
366,mujer,40,33,espanola,extranjera,secundaria,estudios,media,pareja_actual,si,no,4,no,0,0,0,0,moderada,bajo,bajo,problematico,1,0,1,0,bajo,4.3
367,mujer,49,53,espanola,extranjera,secundaria,empleo,media,expareja,no,no,171,no,2,2-3,4,3-5,ninguna,medio,bajo,no,0,0,0,1,alto,1.7
368,mujer,47,53,espanola,espanola,primaria,empleo,baja,expareja,no,no,95,no,1,1,1,1-2,ninguna,bajo,alto,no,1,1,0,0,alto,0.4
369,mujer,36,32,espanola,espanola,fp,desempleo,media,pareja_actual,si,si,55,si,0,0,1,1-2,ninguna,medio,alto,no,0,0,0,0,no_apreciado,6.1
370,mujer,16,18,espanola,extranjera,universidad,empleo,media,expareja,no,no,11,si,1,1,2,1-2,ninguna,bajo,alto,no,0,1,0,0,alto,4.3
371,mujer,41,42,espanola,espanola,primaria,empleo,media,expareja,no,no,102,no,1,1,2,1-2,ninguna,bajo,medio,no,0,0,0,0,no_apreciado,0.7
372,mujer,16,29,extranjera,espanola,fp,estudios,baja,pareja_actual,no,si,72,no,1,1,3,3-5,ninguna,medio,medio,problematico,0,0,1,0,medio,1.0
373,hombre,51,65,espanola,extranjera,universidad,desempleo,baja,pareja_actual,si,si,202,no,1,1,2,1-2,moderada,medio,bajo,problematico,1,0,0,1,medio,5.3
374,mujer,38,30,extranjera,extranjera,primaria,empleo,baja,pareja_actual,si,si,151,no,1,1,1,1-2,ninguna,medio,bajo,no,1,0,0,0,bajo,2.9
375,mujer,46,63,extranjera,extranjera,primaria,empleo,media,pareja_actual,si,si,158,no,0,0,0,0,leve,medio,alto,ocasional,0,0,1,0,bajo,5.4
376,mujer,27,24,espanola,extranjera,fp,empleo,baja,pareja_actual,no,no,64,no,1,1,4,3-5,leve,bajo,medio,ocasional,1,1,0,0,alto,6.2
377,mujer,20,28,espanola,espanola,fp,empleo,media,relacion_ocasional,no,si,6,no,0,0,0,0,moderada,bajo,medio,ocasional,0,0,0,0,bajo,2.9
378,mujer,39,47,extranjera,espanola,primaria,empleo,media,pareja_actual,si,no,73,si,0,0,0,0,grave,medio,medio,no,1,0,0,0,bajo,2.3
379,mujer,36,32,espanola,espanola,universidad,inactividad,media,pareja_actual,si,si,33,no,0,0,4,3-5,ninguna,medio,medio,no,0,0,0,1,no_apreciado,5.9
380,mujer,31,36,espanola,espanola,secundaria,desempleo,baja,expareja,no,si,57,si,0,0,1,1-2,ninguna,bajo,bajo,ocasional,0,0,1,0,no_apreciado,2.6
381,mujer,37,38,espanola,espanola,universidad,empleo,baja,pareja_actual,no,si,49,no,1,1,2,1-2,leve,medio,medio,no,0,0,0,0,bajo,2.7
382,mujer,64,69,espanola,espanola,universidad,empleo,media,relacion_ocasional,no,no,11,no,1,1,2,1-2,ninguna,medio,medio,ocasional,0,1,0,0,medio,4.0
383,hombre,44,47,espanola,espanola,universidad,desempleo,media,expareja,no,no,137,no,1,1,1,1-2,ninguna,medio,alto,no,0,0,0,0,no_apreciado,4.5
384,mujer,46,55,extranjera,extranjera,secundaria,inactividad,alta,pareja_actual,no,si,87,no,0,0,1,1-2,ninguna,alto,bajo,ocasional,0,0,1,0,medio,3.1
385,mujer,44,46,extranjera,espanola,secundaria,inactividad,baja,pareja_actual,si,si,29,no,0,0,2,1-2,moderada,medio,bajo,ocasional,0,0,0,0,no_apreciado,4.9
386,mujer,51,52,espanola,espanola,secundaria,empleo,alta,relacion_ocasional,no,si,7,no,1,1,1,1-2,ninguna,medio,medio,no,0,0,0,0,bajo,7.5
387,mujer,34,43,espanola,espanola,primaria,inactividad,baja,expareja,no,no,102,no,1,1,1,1-2,leve,medio,alto,no,0,1,0,0,medio,5.6
388,mujer,16,21,espanola,espanola,fp,empleo,baja,relacion_ocasional,no,si,9,no,0,0,2,1-2,ninguna,bajo,alto,ocasional,0,1,1,0,medio,4.8
389,mujer,34,40,extranjera,extranjera,primaria,empleo,baja,pareja_actual,si,no,82,no,0,0,1,1-2,leve,bajo,medio,no,0,0,0,0,medio,5.3
390,mujer,44,42,espanola,espanola,secundaria,inactividad,media,expareja,no,si,17,si,2,2-3,2,1-2,ninguna,bajo,bajo,ocasional,0,1,0,0,medio,0.8
391,mujer,26,22,extranjera,espanola,primaria,empleo,baja,expareja,no,si,49,si,2,2-3,2,1-2,moderada,alto,bajo,ocasional,0,0,1,0,medio,5.5
392,hombre,34,33,extranjera,extranjera,secundaria,empleo,baja,pareja_actual,si,no,128,no,0,0,2,1-2,leve,bajo,medio,no,0,0,0,0,no_apreciado,5.3
393,mujer,29,27,espanola,espanola,secundaria,empleo,media,pareja_actual,no,no,16,no,1,1,3,3-5,ninguna,medio,bajo,ocasional,0,0,0,0,medio,1.7
394,mujer,51,58,espanola,espanola,fp,empleo,media,expareja,no,si,16,si,0,0,0,0,ninguna,medio,medio,no,0,0,0,0,no_apreciado,2.5
395,mujer,43,51,extranjera,espanola,fp,empleo,baja,pareja_actual,no,no,102,no,3,2-3,4,3-5,moderada,medio,alto,ocasional,1,0,0,0,medio,0.9
396,mujer,43,44,espanola,espanola,primaria,desempleo,baja,pareja_actual,no,si,78,no,1,1,3,3-5,leve,alto,bajo,no,0,0,0,0,no_apreciado,5.3
397,mujer,42,53,espanola,espanola,universidad,empleo,media,expareja,no,si,16,si,1,1,2,1-2,ninguna,medio,bajo,no,1,0,0,0,medio,4.5
398,mujer,36,46,extranjera,espanola,universidad,empleo,baja,pareja_actual,si,si,46,si,3,2-3,4,3-5,ninguna,bajo,bajo,no,1,1,0,0,extremo,5.4
399,mujer,38,41,espanola,espanola,secundaria,inactividad,baja,pareja_actual,si,no,70,no,0,0,1,1-2,ninguna,medio,bajo,problematico,0,1,0,0,medio,4.9
400,mujer,24,21,espanola,espanola,fp,empleo,media,pareja_actual,si,no,64,no,0,0,1,1-2,ninguna,medio,medio,problematico,0,0,0,0,no_apreciado,3.5
401,mujer,16,27,espanola,espanola,secundaria,estudios,baja,pareja_actual,no,si,73,no,1,1,2,1-2,ninguna,bajo,bajo,ocasional,0,0,1,0,medio,0.0
402,mujer,38,40,espanola,espanola,primaria,empleo,media,expareja,no,no,43,si,0,0,0,0,ninguna,medio,bajo,no,0,0,0,0,no_apreciado,0.0
403,mujer,39,42,extranjera,extranjera,secundaria,desempleo,baja,expareja,no,no,66,si,2,2-3,5,3-5,ninguna,medio,bajo,no,0,0,0,0,bajo,1.4
404,mujer,48,48,espanola,espanola,primaria,empleo,baja,pareja_actual,si,no,87,no,0,0,1,1-2,moderada,bajo,bajo,ocasional,0,0,0,0,no_apreciado,3.0
405,hombre,52,49,espanola,espanola,universidad,inactividad,baja,relacion_ocasional,no,no,10,no,1,1,3,3-5,moderada,alto,medio,ocasional,1,0,0,0,bajo,3.6
406,mujer,52,45,espanola,espanola,universidad,empleo,baja,expareja,no,no,44,si,0,0,2,1-2,moderada,medio,medio,no,1,0,0,0,bajo,4.8
407,mujer,26,32,extranjera,espanola,universidad,inactividad,baja,pareja_actual,si,no,92,no,0,0,1,1-2,leve,medio,medio,problematico,0,0,0,0,no_apreciado,4.7
408,mujer,32,29,espanola,espanola,secundaria,empleo,baja,expareja,no,si,26,si,0,0,2,1-2,leve,bajo,medio,no,0,0,0,0,bajo,6.1
409,mujer,41,61,extranjera,extranjera,secundaria,desempleo,alta,pareja_actual,no,no,34,no,1,1,3,3-5,ninguna,bajo,bajo,no,0,0,0,0,bajo,1.3
410,mujer,61,56,espanola,extranjera,universidad,empleo,alta,relacion_ocasional,no,no,4,no,0,0,1,1-2,leve,medio,medio,problematico,0,1,0,0,bajo,2.7
411,mujer,51,45,extranjera,espanola,secundaria,empleo,baja,expareja,no,si,91,si,1,1,2,1-2,ninguna,medio,bajo,no,1,0,1,0,alto,2.9
412,mujer,47,52,extranjera,espanola,primaria,empleo,media,expareja,no,no,47,si,2,2-3,2,1-2,leve,medio,alto,no,0,0,1,0,alto,5.4
413,mujer,32,43,extranjera,extranjera,secundaria,empleo,media,pareja_actual,si,si,33,no,1,1,2,1-2,grave,medio,bajo,ocasional,0,0,0,0,medio,5.2
414,hombre,27,29,extranjera,espanola,secundaria,empleo,alta,expareja,no,no,37,si,1,1,1,1-2,moderada,bajo,medio,problematico,0,0,0,0,medio,3.3
415,hombre,44,49,espanola,espanola,secundaria,desempleo,baja,pareja_actual,no,si,84,no,1,1,1,1-2,ninguna,medio,bajo,no,0,0,0,0,bajo,0.0
416,hombre,25,16,extranjera,espanola,primaria,empleo,baja,pareja_actual,no,no,74,no,1,1,4,3-5,leve,alto,medio,ocasional,0,0,0,0,bajo,1.0
417,mujer,34,32,espanola,espanola,secundaria,empleo,baja,pareja_actual,si,si,32,no,0,0,1,1-2,ninguna,medio,bajo,no,0,0,1,0,bajo,7.4
418,mujer,35,31,espanola,espanola,secundaria,empleo,baja,expareja,no,si,91,si,5,4+,7,6-10,ninguna,medio,alto,no,0,0,1,0,medio,0.0
419,mujer,52,43,extranjera,espanola,primaria,empleo,baja,pareja_actual,si,no,46,no,2,2-3,3,3-5,ninguna,alto,bajo,no,0,0,0,0,bajo,8.0
420,mujer,32,35,extranjera,extranjera,primaria,empleo,alta,expareja,no,no,27,si,1,1,2,1-2,ninguna,bajo,alto,no,1,0,1,0,medio,4.1
421,mujer,16,16,espanola,espanola,secundaria,desempleo,alta,expareja,no,no,40,no,0,0,4,3-5,leve,medio,medio,no,0,0,0,0,no_apreciado,1.4
422,mujer,41,35,espanola,espanola,universidad,empleo,baja,pareja_actual,si,no,60,no,1,1,3,3-5,ninguna,alto,bajo,no,0,0,1,0,medio,3.2
423,mujer,29,28,espanola,espanola,secundaria,inactividad,baja,pareja_actual,no,si,89,no,0,0,0,0,ninguna,medio,bajo,ocasional,0,0,0,0,no_apreciado,7.2
424,mujer,36,33,espanola,espanola,fp,empleo,baja,pareja_actual,si,no,85,no,1,1,1,1-2,grave,bajo,bajo,ocasional,0,0,0,0,bajo,8.1
425,mujer,35,39,espanola,espanola,fp,empleo,media,pareja_actual,no,si,52,no,2,2-3,2,1-2,leve,alto,alto,ocasional,1,0,0,0,medio,2.7
426,mujer,33,37,espanola,espanola,secundaria,inactividad,media,expareja,no,no,65,si,1,1,3,3-5,ninguna,bajo,alto,ocasional,0,0,1,0,medio,3.3
427,mujer,44,51,espanola,espanola,universidad,empleo,baja,pareja_actual,no,no,49,no,2,2-3,3,3-5,leve,bajo,bajo,no,0,0,0,1,extremo,1.6
428,mujer,21,28,espanola,espanola,fp,empleo,alta,expareja,no,si,32,si,2,2-3,3,3-5,leve,bajo,bajo,no,0,0,0,1,alto,3.3
429,mujer,31,40,espanola,espanola,secundaria,estudios,alta,pareja_actual,no,no,54,no,1,1,1,1-2,leve,medio,bajo,no,0,0,0,0,no_apreciado,1.5
430,mujer,43,45,espanola,espanola,primaria,estudios,media,expareja,no,no,11,si,1,1,1,1-2,leve,medio,bajo,ocasional,1,0,0,0,medio,2.8
431,mujer,30,34,extranjera,espanola,primaria,desempleo,media,relacion_ocasional,no,si,2,no,0,0,1,1-2,moderada,medio,medio,no,0,0,1,0,bajo,7.0
432,mujer,20,25,espanola,espanola,universidad,empleo,media,expareja,no,no,64,no,1,1,2,1-2,ninguna,alto,bajo,no,0,0,0,0,bajo,2.8
433,mujer,43,46,espanola,extranjera,fp,desempleo,baja,expareja,no,no,76,si,1,1,1,1-2,leve,medio,bajo,no,0,1,0,0,bajo,0.7
434,mujer,47,47,espanola,extranjera,universidad,estudios,baja,expareja,no,si,33,no,2,2-3,3,3-5,ninguna,medio,alto,no,0,1,0,0,alto,0.0
435,mujer,36,36,espanola,espanola,universidad,estudios,media,pareja_actual,si,no,63,no,0,0,4,3-5,moderada,alto,medio,problematico,0,0,0,0,no_apreciado,5.3
436,mujer,16,16,extranjera,espanola,primaria,empleo,baja,pareja_actual,si,si,71,no,0,0,3,3-5,ninguna,alto,medio,ocasional,0,0,0,0,no_apreciado,3.3
437,hombre,43,48,espanola,espanola,fp,empleo,alta,pareja_actual,no,si,47,no,1,1,3,3-5,ninguna,bajo,bajo,no,0,0,0,0,bajo,3.5
438,mujer,19,20,espanola,espanola,secundaria,empleo,baja,pareja_actual,si,no,49,si,0,0,2,1-2,grave,bajo,alto,ocasional,0,0,0,0,bajo,1.4
439,mujer,39,37,extranjera,espanola,fp,empleo,baja,expareja,no,si,19,no,2,2-3,3,3-5,leve,medio,medio,ocasional,1,0,0,0,alto,4.5
440,mujer,27,25,extranjera,espanola,primaria,desempleo,baja,expareja,no,si,168,no,1,1,1,1-2,ninguna,alto,medio,no,0,0,0,0,bajo,0.7
441,mujer,24,19,espanola,espanola,secundaria,empleo,alta,expareja,no,no,33,si,4,4+,7,6-10,ninguna,medio,bajo,no,0,0,0,0,medio,3.1
442,mujer,32,40,espanola,espanola,fp,empleo,baja,pareja_actual,si,si,36,no,0,0,0,0,ninguna,bajo,alto,ocasional,0,0,0,0,no_apreciado,4.3
443,mujer,34,36,espanola,espanola,fp,empleo,baja,expareja,no,no,144,si,3,2-3,5,3-5,grave,medio,medio,no,0,0,1,0,medio,6.8
444,mujer,30,27,espanola,espanola,secundaria,empleo,baja,pareja_actual,si,no,78,no,2,2-3,3,3-5,ninguna,medio,alto,no,0,0,1,0,medio,5.4
445,mujer,42,49,espanola,extranjera,secundaria,empleo,media,pareja_actual,si,si,89,no,1,1,3,3-5,ninguna,medio,medio,no,0,1,0,0,no_apreciado,9.3
446,mujer,32,31,espanola,extranjera,secundaria,empleo,alta,expareja,no,no,18,si,1,1,4,3-5,leve,alto,medio,ocasional,0,0,0,0,no_apreciado,4.2
447,mujer,46,40,extranjera,espanola,universidad,empleo,baja,relacion_ocasional,no,si,2,no,0,0,5,3-5,ninguna,alto,medio,problematico,0,0,1,1,alto,6.1
448,mujer,39,47,espanola,extranjera,secundaria,estudios,alta,pareja_actual,no,no,18,si,1,1,1,1-2,ninguna,medio,alto,ocasional,0,1,0,0,medio,2.5
449,mujer,29,28,espanola,espanola,secundaria,empleo,baja,pareja_actual,si,si,29,no,0,0,2,1-2,moderada,medio,bajo,no,0,0,0,0,no_apreciado,5.8
450,mujer,27,27,espanola,extranjera,secundaria,empleo,media,pareja_actual,si,no,183,no,0,0,5,3-5,ninguna,medio,bajo,no,1,0,0,0,bajo,7.7
451,mujer,20,22,extranjera,extranjera,secundaria,empleo,baja,pareja_actual,no,si,25,no,1,1,2,1-2,moderada,medio,medio,ocasional,1,0,0,1,bajo,5.0
452,mujer,39,48,espanola,espanola,secundaria,empleo,media,expareja,no,no,86,no,0,0,0,0,moderada,medio,medio,ocasional,0,0,0,0,no_apreciado,4.2
453,mujer,32,34,extranjera,extranjera,secundaria,empleo,media,expareja,no,si,27,no,2,2-3,5,3-5,ninguna,medio,medio,problematico,1,0,0,1,extremo,2.3
454,mujer,16,16,extranjera,extranjera,universidad,empleo,media,pareja_actual,si,si,29,no,0,0,2,1-2,leve,medio,medio,ocasional,0,0,0,0,no_apreciado,4.7
455,hombre,31,36,espanola,extranjera,universidad,empleo,baja,pareja_actual,si,no,254,si,1,1,2,1-2,leve,medio,medio,no,0,0,1,0,bajo,7.5
456,mujer,27,26,espanola,extranjera,universidad,empleo,alta,pareja_actual,no,no,52,si,1,1,4,3-5,leve,bajo,medio,ocasional,1,0,0,0,bajo,6.0
457,mujer,52,65,espanola,espanola,secundaria,desempleo,alta,relacion_ocasional,no,no,10,no,2,2-3,2,1-2,leve,medio,bajo,problematico,0,1,0,0,alto,1.7
458,mujer,19,21,espanola,espanola,secundaria,empleo,baja,pareja_actual,no,si,89,no,0,0,1,1-2,ninguna,medio,alto,ocasional,0,0,0,0,no_apreciado,1.4
459,mujer,22,16,extranjera,extranjera,fp,empleo,media,expareja,no,si,122,si,1,1,3,3-5,ninguna,bajo,bajo,ocasional,0,0,0,1,bajo,1.0
460,mujer,47,51,espanola,espanola,universidad,desempleo,media,expareja,no,si,94,si,1,1,1,1-2,leve,bajo,medio,no,0,0,0,0,medio,4.8
461,mujer,50,64,espanola,espanola,secundaria,empleo,baja,pareja_actual,si,si,49,no,2,2-3,2,1-2,ninguna,bajo,alto,ocasional,0,0,0,0,bajo,3.0
462,mujer,29,40,espanola,espanola,fp,empleo,alta,pareja_actual,si,no,50,no,1,1,1,1-2,ninguna,alto,bajo,no,0,0,0,0,bajo,6.8
463,mujer,30,43,espanola,espanola,fp,empleo,baja,relacion_ocasional,no,no,4,no,1,1,2,1-2,leve,alto,bajo,no,0,0,0,0,no_apreciado,4.2
464,mujer,42,38,espanola,espanola,fp,empleo,media,pareja_actual,no,no,22,no,0,0,0,0,ninguna,medio,bajo,ocasional,0,1,1,1,medio,1.8
465,hombre,16,23,espanola,espanola,fp,empleo,baja,pareja_actual,si,si,70,no,1,1,2,1-2,moderada,medio,medio,problematico,0,0,0,0,no_apreciado,8.4
466,mujer,17,16,espanola,espanola,secundaria,estudios,baja,expareja,no,si,47,si,0,0,3,3-5,moderada,medio,medio,problematico,0,0,1,0,bajo,0.0
467,hombre,33,36,espanola,espanola,secundaria,estudios,media,expareja,no,no,19,si,1,1,1,1-2,moderada,medio,bajo,no,1,0,0,1,alto,6.7
468,mujer,51,45,espanola,extranjera,secundaria,estudios,media,relacion_ocasional,no,si,6,no,0,0,2,1-2,ninguna,alto,alto,no,0,0,0,0,no_apreciado,3.7
469,mujer,32,30,espanola,espanola,primaria,empleo,alta,pareja_actual,no,no,33,no,1,1,5,3-5,ninguna,bajo,bajo,no,0,0,0,0,no_apreciado,0.0
470,mujer,37,35,espanola,espanola,universidad,empleo,alta,pareja_actual,no,si,67,no,1,1,4,3-5,moderada,bajo,medio,ocasional,0,0,0,0,bajo,6.5
471,mujer,47,54,extranjera,espanola,secundaria,empleo,baja,pareja_actual,si,si,63,no,1,1,3,3-5,ninguna,medio,medio,ocasional,0,0,0,0,bajo,7.1
472,mujer,57,64,espanola,extranjera,primaria,empleo,baja,pareja_actual,si,no,43,no,0,0,3,3-5,leve,bajo,bajo,problematico,0,0,0,0,no_apreciado,4.1
473,mujer,30,34,espanola,espanola,universidad,empleo,baja,pareja_actual,si,si,55,no,0,0,0,0,leve,medio,bajo,no,0,0,0,0,no_apreciado,2.9
474,mujer,36,30,espanola,espanola,fp,empleo,media,pareja_actual,si,no,58,si,0,0,2,1-2,ninguna,alto,alto,ocasional,0,0,0,0,no_apreciado,1.5
475,mujer,54,54,espanola,espanola,fp,empleo,media,pareja_actual,si,si,102,no,1,1,2,1-2,ninguna,bajo,medio,ocasional,0,0,1,0,medio,10.3
476,mujer,21,19,espanola,espanola,secundaria,empleo,alta,pareja_actual,si,si,54,no,2,2-3,3,3-5,leve,medio,bajo,no,1,1,0,0,alto,3.0
477,mujer,46,53,espanola,espanola,universidad,empleo,media,pareja_actual,si,si,38,no,1,1,4,3-5,ninguna,medio,medio,problematico,0,0,0,0,bajo,2.2
478,mujer,26,35,extranjera,extranjera,secundaria,desempleo,baja,pareja_actual,si,si,46,no,0,0,1,1-2,moderada,alto,medio,ocasional,0,1,1,0,alto,5.6
479,mujer,37,45,espanola,espanola,secundaria,empleo,baja,expareja,no,no,160,si,3,2-3,6,6-10,leve,medio,bajo,no,0,0,1,0,alto,0.0
480,mujer,34,31,espanola,espanola,primaria,inactividad,media,pareja_actual,no,si,28,no,0,0,0,0,ninguna,bajo,medio,no,0,0,0,0,no_apreciado,0.8
481,hombre,26,16,espanola,extranjera,fp,empleo,media,pareja_actual,si,no,48,si,0,0,4,3-5,leve,medio,medio,problematico,0,0,0,0,no_apreciado,7.2
482,mujer,26,17,espanola,espanola,fp,empleo,baja,pareja_actual,si,no,47,no,0,0,1,1-2,ninguna,medio,bajo,ocasional,1,0,0,0,no_apreciado,6.0
483,mujer,39,50,espanola,extranjera,secundaria,empleo,baja,pareja_actual,si,si,49,no,2,2-3,4,3-5,ninguna,medio,alto,ocasional,1,0,0,0,alto,4.1
484,mujer,46,46,espanola,espanola,secundaria,empleo,baja,pareja_actual,no,si,13,no,1,1,2,1-2,grave,medio,bajo,ocasional,1,0,0,0,medio,3.0
485,mujer,35,32,espanola,espanola,universidad,empleo,baja,pareja_actual,no,si,22,no,1,1,4,3-5,leve,bajo,bajo,no,0,1,0,0,medio,2.0
486,mujer,37,49,espanola,extranjera,fp,empleo,media,pareja_actual,no,no,46,no,0,0,1,1-2,leve,medio,bajo,ocasional,0,0,0,0,bajo,2.9
487,mujer,42,52,extranjera,espanola,secundaria,desempleo,baja,pareja_actual,si,no,37,no,0,0,0,0,moderada,medio,medio,problematico,0,0,0,0,no_apreciado,3.3
488,mujer,26,28,espanola,espanola,universidad,empleo,media,pareja_actual,si,si,67,no,0,0,2,1-2,leve,bajo,medio,no,1,0,1,0,bajo,3.7
489,mujer,43,43,extranjera,extranjera,fp,empleo,media,pareja_actual,si,no,112,no,0,0,1,1-2,ninguna,medio,alto,ocasional,0,0,1,0,bajo,3.7
490,mujer,44,45,espanola,espanola,universidad,estudios,alta,pareja_actual,si,no,71,si,0,0,0,0,ninguna,alto,bajo,no,0,0,0,0,no_apreciado,3.4
491,mujer,62,65,espanola,espanola,universidad,empleo,baja,expareja,no,si,60,si,1,1,1,1-2,ninguna,medio,medio,no,0,0,0,0,bajo,5.3
492,mujer,32,44,extranjera,espanola,universidad,desempleo,baja,expareja,no,si,75,si,0,0,1,1-2,ninguna,bajo,medio,no,0,0,0,0,no_apreciado,4.7
493,mujer,31,36,espanola,espanola,fp,empleo,baja,expareja,no,no,64,si,2,2-3,3,3-5,leve,medio,bajo,problematico,1,0,0,0,medio,0.9
494,mujer,44,50,extranjera,espanola,secundaria,empleo,baja,pareja_actual,si,si,55,no,1,1,1,1-2,leve,bajo,bajo,no,0,0,0,0,no_apreciado,2.4
495,mujer,44,53,espanola,espanola,primaria,empleo,baja,expareja,no,si,99,no,2,2-3,2,1-2,ninguna,medio,alto,no,0,0,0,1,alto,2.7
496,mujer,31,26,espanola,extranjera,secundaria,empleo,media,pareja_actual,si,si,45,no,3,2-3,3,3-5,leve,medio,bajo,ocasional,0,0,0,0,medio,9.7
497,mujer,32,39,extranjera,espanola,fp,desempleo,baja,pareja_actual,si,no,21,no,0,0,2,1-2,moderada,bajo,medio,no,0,0,0,0,no_apreciado,2.7
498,mujer,41,41,espanola,espanola,secundaria,empleo,baja,expareja,no,no,36,no,2,2-3,3,3-5,grave,bajo,medio,ocasional,0,1,0,0,alto,2.6
499,no_binario,28,16,espanola,extranjera,universidad,empleo,baja,pareja_actual,no,si,32,no,1,1,2,1-2,ninguna,alto,bajo,problematico,0,0,0,0,bajo,3.2
500,mujer,32,21,espanola,espanola,primaria,empleo,media,pareja_actual,no,si,187,no,0,0,1,1-2,moderada,bajo,alto,no,0,1,0,0,medio,2.8
